Date,Open,High,Low,Close,Adj Close,Volume,Split
2013-01-02,3.090000,3.240000,3.090000,3.200000,2.922022,3500,Training
2013-01-03,3.190000,3.320000,3.090000,3.200000,2.922022,5500,Training
2013-01-04,3.150000,3.250000,3.150000,3.200000,2.922022,3000,Training
2013-01-07,3.200000,3.230000,3.050000,3.230000,2.949415,4700,Training
2013-01-08,3.200000,3.220000,3.170000,3.200000,2.922022,3800,Training
2013-01-09,3.200000,3.250000,3.010000,3.210000,2.931153,5100,Training
2013-01-10,3.200000,3.250000,3.200000,3.220000,2.940284,4000,Training
2013-01-11,3.210000,3.250000,3.170000,3.250000,2.967678,2000,Training
2013-01-14,3.240000,3.240000,3.240000,3.240000,2.958547,800,Training
2013-01-15,3.250000,3.300000,3.230000,3.250000,2.967678,3800,Training
2013-01-16,3.280000,3.300000,3.240000,3.280000,2.995072,7400,Training
2013-01-17,3.280000,3.290000,3.250000,3.290000,3.004203,1800,Training
2013-01-18,3.300000,3.300000,3.280000,3.280000,2.995072,2200,Training
2013-01-22,3.290000,3.300000,3.290000,3.300000,3.013335,2900,Training
2013-01-23,3.300000,3.320000,3.290000,3.300000,3.013335,6200,Training
2013-01-24,3.280000,3.400000,2.520000,3.400000,3.104648,34600,Training
2013-01-25,3.340000,3.400000,3.250000,3.300000,3.013335,5400,Training
2013-01-28,3.220000,3.390000,3.220000,3.330000,3.040728,6200,Training
2013-01-29,3.340000,3.380000,3.320000,3.330000,3.040728,4400,Training
2013-01-30,3.350000,3.350000,3.290000,3.320000,3.031597,4500,Training
2013-01-31,3.320000,3.350000,3.310000,3.350000,3.058991,1500,Training
2013-02-01,3.350000,3.370000,3.310000,3.350000,3.058991,6100,Training
2013-02-04,3.350000,3.370000,3.330000,3.350000,3.058991,5600,Training
2013-02-05,3.330000,3.350000,3.330000,3.350000,3.058991,900,Training
2013-02-06,3.350000,3.450000,3.350000,3.400000,3.104648,5600,Training
2013-02-07,3.400000,3.420000,3.400000,3.410000,3.113779,3600,Training
2013-02-08,3.400000,3.420000,3.270000,3.420000,3.122910,2700,Training
2013-02-11,3.360000,3.410000,3.360000,3.390000,3.095516,1500,Training
2013-02-12,3.380000,3.420000,3.380000,3.420000,3.122910,3000,Training
2013-02-13,3.400000,3.400000,3.040000,3.350000,3.058991,5500,Training
2013-02-14,3.220000,3.350000,3.190000,3.290000,3.004203,1400,Training
2013-02-15,3.250000,3.270000,3.180000,3.250000,2.967678,1300,Training
2013-02-19,3.110000,3.300000,3.110000,3.210000,2.931153,28700,Training
2013-02-20,3.190000,3.240000,3.110000,3.230000,2.949415,2200,Training
2013-02-21,3.420000,3.420000,3.030000,3.200000,2.922022,5000,Training
2013-02-22,3.230000,3.250000,3.230000,3.250000,2.967678,400,Training
2013-02-25,3.250000,3.250000,3.220000,3.230000,2.949415,23100,Training
2013-02-26,3.220000,3.330000,3.020000,3.230000,2.949415,8000,Training
2013-02-27,3.300000,3.330000,3.130000,3.330000,3.040728,3800,Training
2013-02-28,3.380000,3.380000,3.330000,3.380000,3.086385,1300,Training
2013-03-01,3.360000,3.420000,3.160000,3.400000,3.104648,3300,Training
2013-03-04,3.420000,3.420000,3.350000,3.400000,3.104648,22900,Training
2013-03-05,3.400000,3.400000,3.350000,3.400000,3.104648,2600,Training
2013-03-06,3.450000,3.450000,3.400000,3.400000,3.104648,4600,Training
2013-03-07,3.410000,3.430000,3.400000,3.420000,3.122910,3300,Training
2013-03-08,3.450000,3.450000,3.140000,3.400000,3.104648,8900,Training
2013-03-11,3.360000,3.400000,3.160000,3.400000,3.104648,19100,Training
2013-03-12,3.390000,3.400000,3.390000,3.400000,3.104648,1300,Training
2013-03-13,3.420000,3.440000,3.360000,3.440000,3.141173,12300,Training
2013-03-14,3.450000,3.450000,3.380000,3.400000,3.104648,900,Training
2013-03-15,3.400000,3.400000,3.350000,3.370000,3.077254,1500,Training
2013-03-18,3.360000,3.360000,3.300000,3.330000,3.040728,2200,Training
2013-03-19,3.350000,3.350000,3.100000,3.340000,3.049860,2100,Training
2013-03-20,3.340000,3.340000,3.090000,3.340000,3.049860,3000,Training
2013-03-21,3.300000,3.330000,3.300000,3.300000,3.013335,1100,Training
2013-03-22,3.300000,3.400000,3.290000,3.380000,3.086385,15700,Training
2013-03-25,3.390000,3.390000,3.350000,3.350000,3.058991,3600,Training
2013-03-26,3.350000,3.350000,3.250000,3.270000,3.003874,7600,Training
2013-03-27,3.250000,3.300000,3.250000,3.300000,3.031432,4400,Training
2013-03-28,3.240000,3.350000,3.240000,3.330000,3.058991,5400,Training
2013-04-01,3.350000,3.400000,3.300000,3.360000,3.086550,7900,Training
2013-04-02,3.350000,3.370000,3.300000,3.360000,3.086550,2300,Training
2013-04-03,3.270000,3.390000,3.260000,3.390000,3.114108,3300,Training
2013-04-04,3.280000,3.390000,3.280000,3.390000,3.114108,3800,Training
2013-04-05,3.330000,3.390000,3.250000,3.390000,3.114108,2800,Training
2013-04-08,3.350000,3.390000,3.300000,3.390000,3.114108,5500,Training
2013-04-09,3.360000,3.390000,3.260000,3.390000,3.114108,3200,Training
2013-04-10,3.400000,3.400000,3.250000,3.400000,3.123294,8100,Training
2013-04-11,3.400000,3.400000,3.260000,3.280000,3.013060,19600,Training
2013-04-12,3.330000,3.380000,3.010000,3.370000,3.095735,20300,Training
2013-04-15,3.330000,3.400000,3.230000,3.390000,3.114108,6400,Training
2013-04-16,3.360000,3.390000,3.350000,3.370000,3.095735,3200,Training
2013-04-17,3.380000,3.390000,3.120000,3.340000,3.068177,7400,Training
2013-04-18,3.370000,3.400000,3.340000,3.380000,3.104922,5100,Training
2013-04-19,3.400000,3.410000,3.400000,3.400000,3.123294,3400,Training
2013-04-22,3.400000,3.410000,3.370000,3.400000,3.123294,2800,Training
2013-04-23,3.410000,3.430000,3.400000,3.400000,3.123294,6000,Training
2013-04-24,3.430000,3.450000,3.360000,3.450000,3.169225,8500,Training
2013-04-25,3.450000,3.500000,3.400000,3.480000,3.196784,11700,Training
2013-04-26,3.490000,3.600000,3.420000,3.490000,3.205970,24200,Training
2013-04-29,3.520000,3.620000,3.520000,3.550000,3.261086,10100,Training
2013-04-30,3.500000,3.600000,3.450000,3.570000,3.279459,8000,Training
2013-05-01,3.590000,3.590000,3.350000,3.400000,3.123294,27600,Training
2013-05-02,3.590000,3.590000,3.320000,3.400000,3.123294,3100,Training
2013-05-03,3.430000,3.570000,3.430000,3.550000,3.261086,1400,Training
2013-05-06,3.550000,3.550000,3.550000,3.550000,3.261086,100,Training
2013-05-07,3.560000,3.560000,3.400000,3.520000,3.233528,2900,Training
2013-05-08,3.480000,3.560000,3.410000,3.550000,3.261086,4100,Training
2013-05-09,3.550000,3.550000,3.400000,3.430000,3.150853,11900,Training
2013-05-10,3.510000,4.190000,3.310000,3.450000,3.169225,62400,Training
2013-05-13,3.470000,3.640000,3.470000,3.540000,3.251901,15700,Training
2013-05-14,3.620000,3.750000,3.500000,3.720000,3.417252,24100,Training
2013-05-15,3.700000,3.790000,3.520000,3.730000,3.426437,28500,Training
2013-05-16,3.750000,3.790000,3.500000,3.690000,3.389693,8600,Training
2013-05-17,3.720000,3.750000,3.550000,3.690000,3.389693,13300,Training
2013-05-20,3.710000,3.790000,3.630000,3.630000,3.334576,12000,Training
2013-05-21,3.650000,3.650000,3.390000,3.630000,3.334576,32300,Training
2013-05-22,3.590000,3.750000,3.570000,3.620000,3.325390,32200,Training
2013-05-23,3.630000,3.700000,3.600000,3.680000,3.380507,14100,Training
2013-05-24,3.690000,3.860000,3.650000,3.860000,3.545857,31500,Training
2013-05-28,3.870000,3.910000,3.850000,3.890000,3.573416,16700,Training
2013-05-29,3.850000,3.930000,3.850000,3.930000,3.610161,9700,Training
2013-05-30,3.930000,3.950000,3.930000,3.930000,3.610161,11400,Training
2013-05-31,3.930000,3.960000,3.850000,3.940000,3.619347,9800,Training
2013-06-03,3.950000,3.950000,3.850000,3.940000,3.619347,4300,Training
2013-06-04,3.950000,3.970000,3.950000,3.960000,3.637719,5400,Training
2013-06-05,3.970000,3.970000,3.880000,3.940000,3.619347,8800,Training
2013-06-06,3.940000,3.950000,3.940000,3.950000,3.628533,600,Training
2013-06-07,3.950000,3.960000,3.940000,3.940000,3.619347,3300,Training
2013-06-10,3.940000,3.940000,3.880000,3.940000,3.619347,2700,Training
2013-06-11,3.900000,3.900000,3.820000,3.820000,3.509113,2600,Training
2013-06-12,3.870000,3.970000,3.800000,3.940000,3.619347,10500,Training
2013-06-13,3.960000,3.970000,3.900000,3.970000,3.646905,6500,Training
2013-06-14,3.930000,3.950000,3.930000,3.950000,3.628533,500,Training
2013-06-17,3.910000,3.960000,3.900000,3.960000,3.637719,16800,Training
2013-06-18,3.930000,3.930000,3.900000,3.910000,3.591788,2400,Training
2013-06-19,3.900000,3.960000,3.890000,3.920000,3.600975,7500,Training
2013-06-20,3.910000,3.920000,3.900000,3.920000,3.600975,4400,Training
2013-06-21,3.930000,3.930000,3.800000,3.920000,3.600975,6300,Training
2013-06-24,3.830000,3.960000,3.820000,3.960000,3.637719,6700,Training
2013-06-25,3.860000,3.920000,3.810000,3.910000,3.591788,5200,Training
2013-06-26,3.850000,3.910000,3.850000,3.910000,3.591788,2300,Training
2013-06-27,3.900000,3.900000,3.880000,3.890000,3.573416,2600,Training
2013-06-28,3.890000,3.910000,3.830000,3.900000,3.582602,8300,Training
2013-07-01,3.870000,3.900000,3.800000,3.820000,3.509113,3200,Training
2013-07-02,3.810000,3.890000,3.800000,3.870000,3.555043,2100,Training
2013-07-03,3.810000,3.810000,3.720000,3.780000,3.472368,7900,Training
2013-07-05,3.710000,3.740000,3.700000,3.740000,3.435624,3200,Training
2013-07-08,3.880000,3.880000,3.710000,3.810000,3.499926,3500,Training
2013-07-09,3.810000,3.810000,3.700000,3.800000,3.490741,3300,Training
2013-07-10,3.710000,3.800000,3.650000,3.790000,3.481555,3300,Training
2013-07-11,3.800000,3.800000,3.720000,3.750000,3.444810,4900,Training
2013-07-12,3.770000,3.770000,3.770000,3.770000,3.463182,500,Training
2013-07-15,3.800000,3.810000,3.780000,3.780000,3.472368,2800,Training
2013-07-16,3.760000,3.760000,3.700000,3.750000,3.444810,8200,Training
2013-07-17,3.730000,3.740000,3.540000,3.710000,3.408065,8300,Training
2013-07-18,3.640000,3.700000,3.620000,3.700000,3.398879,6200,Training
2013-07-19,3.650000,3.740000,3.600000,3.690000,3.389693,8900,Training
2013-07-22,3.620000,3.840000,3.620000,3.690000,3.389693,6300,Training
2013-07-23,3.650000,3.740000,3.650000,3.740000,3.435624,1700,Training
2013-07-24,3.710000,3.740000,3.650000,3.650000,3.352948,3500,Training
2013-07-25,3.630000,3.810000,3.630000,3.660000,3.362134,13000,Training
2013-07-26,3.720000,3.790000,3.720000,3.790000,3.481555,600,Training
2013-07-29,3.780000,3.860000,3.750000,3.850000,3.536671,3500,Training
2013-07-30,3.810000,3.860000,3.630000,3.850000,3.536671,3500,Training
2013-07-31,3.850000,3.890000,3.850000,3.880000,3.564230,3100,Training
2013-08-01,3.870000,3.900000,3.870000,3.890000,3.573416,2900,Training
2013-08-02,3.890000,3.890000,3.630000,3.870000,3.555043,4500,Training
2013-08-05,3.820000,3.910000,3.800000,3.840000,3.527485,2100,Training
2013-08-06,3.850000,3.850000,3.750000,3.830000,3.518299,1300,Training
2013-08-07,3.780000,3.840000,3.780000,3.840000,3.527485,1100,Training
2013-08-08,3.800000,3.850000,3.800000,3.850000,3.536671,2300,Training
2013-08-09,3.850000,3.880000,3.850000,3.880000,3.564230,1000,Training
2013-08-12,3.920000,3.930000,3.590000,3.920000,3.600975,11600,Training
2013-08-13,3.890000,3.900000,3.780000,3.900000,3.582602,3000,Training
2013-08-14,3.880000,3.900000,3.640000,3.820000,3.509113,11600,Training
2013-08-15,3.790000,3.820000,3.670000,3.820000,3.509113,7200,Training
2013-08-16,3.820000,3.820000,3.820000,3.820000,3.509113,0,Training
2013-08-19,3.800000,3.820000,3.570000,3.820000,3.509113,2600,Training
2013-08-20,3.800000,3.800000,3.780000,3.800000,3.490741,2000,Training
2013-08-21,3.710000,3.800000,3.710000,3.800000,3.490741,1500,Training
2013-08-22,3.800000,3.940000,3.690000,3.820000,3.509113,51700,Training
2013-08-23,3.880000,3.940000,3.570000,3.910000,3.591788,42800,Training
2013-08-26,3.930000,3.930000,3.830000,3.920000,3.600975,10200,Training
2013-08-27,3.890000,3.900000,3.770000,3.820000,3.509113,8300,Training
2013-08-28,3.790000,3.900000,3.790000,3.870000,3.555043,6600,Training
2013-08-29,3.750000,3.930000,3.750000,3.930000,3.610161,900,Training
2013-08-30,3.930000,3.940000,3.800000,3.900000,3.582602,8800,Training
2013-09-03,3.870000,3.940000,3.870000,3.940000,3.619347,600,Training
2013-09-04,3.900000,3.940000,3.790000,3.930000,3.610161,14400,Training
2013-09-05,3.940000,3.940000,3.810000,3.890000,3.573416,5300,Training
2013-09-06,3.940000,3.940000,3.800000,3.820000,3.509113,16500,Training
2013-09-09,3.830000,3.940000,3.750000,3.940000,3.619347,24400,Training
2013-09-10,3.940000,3.950000,3.890000,3.900000,3.582602,12700,Training
2013-09-11,3.860000,3.960000,3.860000,3.890000,3.573416,18300,Training
2013-09-12,3.860000,3.940000,3.790000,3.940000,3.619347,7600,Training
2013-09-13,3.900000,3.960000,3.870000,3.930000,3.610161,4700,Training
2013-09-16,3.920000,3.970000,3.750000,3.940000,3.619347,17100,Training
2013-09-17,3.930000,4.020000,3.930000,4.010000,3.683650,17500,Training
2013-09-18,4.010000,4.030000,3.830000,4.030000,3.702022,16800,Training
2013-09-19,4.030000,4.030000,3.950000,4.010000,3.683650,5200,Training
2013-09-20,3.910000,4.040000,3.910000,4.040000,3.711208,15200,Training
2013-09-23,4.000000,4.040000,3.900000,4.030000,3.702022,15200,Training
2013-09-24,3.990000,4.050000,3.920000,4.040000,3.711208,10400,Training
2013-09-25,4.030000,4.050000,4.010000,4.010000,3.683650,7800,Training
2013-09-26,4.050000,4.050000,4.020000,4.030000,3.702022,9000,Training
2013-09-27,4.040000,4.050000,4.030000,4.050000,3.720395,8500,Training
2013-09-30,4.030000,4.050000,3.900000,4.050000,3.720395,8300,Training
2013-10-01,4.030000,4.040000,3.960000,4.000000,3.674464,13700,Training
2013-10-02,4.000000,4.000000,3.960000,4.000000,3.674464,5000,Training
2013-10-03,4.000000,4.000000,3.900000,4.000000,3.674464,4000,Training
2013-10-04,4.000000,4.050000,4.000000,4.030000,3.702022,8500,Training
2013-10-07,3.960000,4.040000,3.960000,3.970000,3.646905,17100,Training
2013-10-08,3.980000,4.070000,3.910000,4.070000,3.738767,12700,Training
2013-10-09,4.040000,4.040000,4.010000,4.040000,3.711208,29000,Training
2013-10-10,4.000000,4.060000,3.960000,4.040000,3.711208,9100,Training
2013-10-11,3.900000,4.040000,3.900000,4.030000,3.702022,5900,Training
2013-10-14,4.000000,4.060000,4.000000,4.060000,3.729580,10900,Training
2013-10-15,4.050000,4.050000,3.990000,4.030000,3.702022,10800,Training
2013-10-16,4.030000,4.040000,3.970000,4.040000,3.711208,3200,Training
2013-10-17,4.050000,4.070000,4.030000,4.040000,3.711208,12900,Training
2013-10-18,4.040000,4.070000,4.040000,4.040000,3.711208,4700,Training
2013-10-21,3.990000,4.050000,3.990000,4.050000,3.720395,5500,Training
2013-10-22,4.050000,4.050000,4.040000,4.050000,3.720395,1900,Training
2013-10-23,4.040000,4.060000,4.040000,4.060000,3.729580,2900,Training
2013-10-24,4.050000,4.050000,3.970000,4.050000,3.720395,6000,Training
2013-10-25,4.000000,4.040000,4.000000,4.040000,3.711208,2800,Training
2013-10-28,4.030000,4.040000,4.030000,4.040000,3.711208,1200,Training
2013-10-29,4.050000,4.070000,4.030000,4.060000,3.729580,11300,Training
2013-10-30,4.050000,4.060000,4.000000,4.050000,3.720395,3700,Training
2013-10-31,4.030000,4.050000,4.030000,4.050000,3.720395,2500,Training
2013-11-01,4.050000,4.050000,4.050000,4.050000,3.720395,0,Training
2013-11-04,4.040000,4.050000,4.010000,4.050000,3.720395,5400,Training
2013-11-05,4.050000,4.060000,4.050000,4.050000,3.720395,5100,Training
2013-11-06,4.040000,4.050000,3.970000,4.040000,3.711208,10000,Training
2013-11-07,3.940000,4.040000,3.940000,4.020000,3.692836,3900,Training
2013-11-08,3.770000,4.040000,3.770000,4.020000,3.692836,800,Training
2013-11-11,4.040000,4.040000,4.030000,4.040000,3.711208,2100,Training
2013-11-12,4.030000,4.060000,4.000000,4.040000,3.711208,14600,Training
2013-11-13,4.040000,4.050000,4.030000,4.040000,3.711208,1100,Training
2013-11-14,4.040000,4.070000,4.010000,4.030000,3.702022,17800,Training
2013-11-15,4.020000,4.030000,4.020000,4.030000,3.702022,3600,Training
2013-11-18,4.030000,4.070000,4.010000,4.030000,3.702022,6200,Training
2013-11-19,4.030000,4.040000,4.020000,4.020000,3.692836,1800,Training
2013-11-20,4.050000,4.050000,4.040000,4.050000,3.720395,6400,Training
2013-11-21,4.050000,4.070000,4.050000,4.050000,3.720395,15900,Training
2013-11-22,4.030000,4.050000,4.030000,4.040000,3.711208,1900,Training
2013-11-25,4.040000,4.070000,4.000000,4.000000,3.674464,7200,Training
2013-11-26,4.010000,4.050000,4.010000,4.020000,3.692836,2900,Training
2013-11-27,4.010000,4.030000,4.010000,4.030000,3.702022,4900,Training
2013-11-29,4.000000,4.000000,4.000000,4.000000,3.674464,200,Training
2013-12-02,4.000000,4.040000,4.000000,4.010000,3.683650,1200,Training
2013-12-03,4.030000,4.040000,4.030000,4.030000,3.702022,2500,Training
2013-12-04,4.020000,4.040000,4.020000,4.040000,3.711208,900,Training
2013-12-05,4.040000,4.040000,4.000000,4.000000,3.674464,4700,Training
2013-12-06,4.000000,4.040000,4.000000,4.020000,3.692836,9600,Training
2013-12-09,4.000000,4.030000,4.000000,4.030000,3.702022,4400,Training
2013-12-10,4.040000,4.040000,4.010000,4.040000,3.711208,6400,Training
2013-12-11,4.000000,4.040000,4.000000,4.040000,3.711208,8000,Training
2013-12-12,4.030000,4.040000,4.000000,4.040000,3.711208,21300,Training
2013-12-13,4.030000,4.040000,4.000000,4.040000,3.711208,6800,Training
2013-12-16,4.040000,4.050000,4.010000,4.040000,3.711208,23000,Training
2013-12-17,4.020000,4.040000,3.950000,3.980000,3.656091,6600,Training
2013-12-18,4.010000,4.050000,4.000000,4.000000,3.674464,9900,Training
2013-12-19,3.980000,4.050000,3.980000,4.010000,3.683650,25100,Training
2013-12-20,4.040000,4.080000,3.840000,3.840000,3.527485,65900,Training
2013-12-23,3.960000,3.970000,3.640000,3.920000,3.600975,29700,Training
2013-12-24,3.900000,3.970000,3.840000,3.950000,3.628533,13600,Training
2013-12-26,3.990000,4.040000,3.700000,4.010000,3.683650,6300,Training
2013-12-27,4.020000,4.050000,3.990000,4.050000,3.720395,5000,Training
2013-12-30,4.050000,4.050000,3.840000,3.900000,3.582602,14600,Training
2013-12-31,4.040000,4.130000,3.960000,4.090000,3.757139,30700,Training
2014-01-02,4.090000,4.130000,3.980000,3.980000,3.656091,20200,Training
2014-01-03,4.030000,4.110000,4.030000,4.070000,3.738767,12500,Training
2014-01-06,4.050000,4.050000,4.020000,4.030000,3.702022,11500,Training
2014-01-07,4.010000,4.040000,3.910000,4.040000,3.711208,12000,Training
2014-01-08,4.050000,4.060000,3.920000,4.010000,3.683650,20000,Training
2014-01-09,4.020000,4.060000,3.990000,4.030000,3.702022,8300,Training
2014-01-10,4.040000,4.060000,3.990000,4.020000,3.692836,14400,Training
2014-01-13,3.990000,4.050000,3.990000,4.050000,3.720395,6100,Training
2014-01-14,4.020000,4.060000,4.020000,4.050000,3.720395,7900,Training
2014-01-15,3.990000,4.050000,3.880000,4.020000,3.692836,23200,Training
2014-01-16,3.930000,4.040000,3.840000,4.040000,3.711208,17700,Training
2014-01-17,4.020000,4.040000,4.000000,4.020000,3.692836,5300,Training
2014-01-21,4.020000,4.050000,3.940000,4.030000,3.702022,12300,Training
2014-01-22,4.010000,4.070000,4.000000,4.000000,3.674464,21600,Training
2014-01-23,4.000000,4.040000,3.910000,4.000000,3.674464,20100,Training
2014-01-24,3.990000,4.020000,3.990000,4.000000,3.674464,2700,Training
2014-01-27,3.990000,4.030000,3.990000,3.990000,3.665277,7900,Training
2014-01-28,3.970000,4.010000,3.970000,4.000000,3.674464,3000,Training
2014-01-29,3.990000,4.000000,3.900000,3.970000,3.646905,7700,Training
2014-01-30,3.990000,4.000000,3.930000,4.000000,3.674464,2000,Training
2014-01-31,4.000000,4.000000,3.910000,3.970000,3.646905,11000,Training
2014-02-03,3.970000,3.970000,3.920000,3.930000,3.610161,12300,Training
2014-02-04,3.950000,3.980000,3.940000,3.950000,3.628533,5400,Training
2014-02-05,3.940000,3.990000,3.940000,3.970000,3.646905,5500,Training
2014-02-06,3.940000,3.970000,3.940000,3.960000,3.637719,5900,Training
2014-02-07,3.940000,3.980000,3.920000,3.930000,3.610161,5500,Training
2014-02-10,3.980000,3.980000,3.950000,3.950000,3.628533,300,Training
2014-02-11,3.930000,3.950000,3.930000,3.940000,3.619347,2400,Training
2014-02-12,3.960000,3.960000,3.930000,3.930000,3.610161,4200,Training
2014-02-13,3.930000,3.970000,3.930000,3.960000,3.637719,4300,Training
2014-02-14,3.950000,3.980000,3.940000,3.940000,3.619347,7000,Training
2014-02-18,3.940000,3.970000,3.930000,3.950000,3.628533,26200,Training
2014-02-19,3.940000,3.970000,3.930000,3.940000,3.619347,11200,Training
2014-02-20,3.930000,3.970000,3.930000,3.940000,3.619347,9200,Training
2014-02-21,3.940000,3.970000,3.940000,3.950000,3.628533,3600,Training
2014-02-24,3.930000,3.970000,3.920000,3.930000,3.610161,3800,Training
2014-02-25,3.930000,3.960000,3.920000,3.930000,3.610161,4400,Training
2014-02-26,3.920000,3.960000,3.910000,3.950000,3.628533,12500,Training
2014-02-27,3.950000,3.980000,3.910000,3.940000,3.619347,14400,Training
2014-02-28,3.920000,3.980000,3.870000,3.940000,3.619347,10300,Training
2014-03-03,3.950000,3.950000,3.910000,3.910000,3.591788,3600,Training
2014-03-04,3.910000,3.920000,3.770000,3.770000,3.463182,21800,Training
2014-03-05,3.820000,3.930000,3.770000,3.870000,3.555043,9000,Training
2014-03-06,3.860000,3.890000,3.820000,3.850000,3.536671,6200,Training
2014-03-07,3.850000,3.950000,3.850000,3.920000,3.600975,15200,Training
2014-03-10,3.960000,3.960000,3.850000,3.850000,3.536671,10800,Training
2014-03-11,3.850000,3.900000,3.830000,3.870000,3.555043,4000,Training
2014-03-12,3.870000,3.920000,3.780000,3.820000,3.509113,9400,Training
2014-03-13,3.800000,3.800000,3.570000,3.700000,3.398879,24200,Training
2014-03-14,3.690000,3.740000,3.560000,3.580000,3.288645,10100,Training
2014-03-17,3.540000,3.750000,3.520000,3.560000,3.270272,10100,Training
2014-03-18,3.500000,3.600000,3.500000,3.580000,3.288645,1800,Training
2014-03-19,3.600000,3.630000,3.510000,3.510000,3.224342,12600,Training
2014-03-20,3.550000,3.670000,3.550000,3.650000,3.352948,3200,Training
2014-03-21,3.660000,3.750000,3.540000,3.740000,3.435624,4700,Training
2014-03-24,3.710000,3.750000,3.710000,3.730000,3.426437,6000,Training
2014-03-25,3.730000,3.730000,3.650000,3.700000,3.417202,3100,Training
2014-03-26,3.680000,3.750000,3.680000,3.700000,3.417202,13500,Training
2014-03-27,3.740000,3.750000,3.700000,3.700000,3.417202,9700,Training
2014-03-28,3.660000,3.700000,3.640000,3.660000,3.380259,30500,Training
2014-03-31,3.660000,3.740000,3.630000,3.640000,3.361788,23700,Training
2014-04-01,3.620000,3.720000,3.620000,3.630000,3.352552,12100,Training
2014-04-02,3.600000,3.750000,3.600000,3.680000,3.398731,9900,Training
2014-04-03,3.690000,3.700000,3.610000,3.690000,3.407966,11300,Training
2014-04-04,3.660000,3.660000,3.620000,3.650000,3.371023,6400,Training
2014-04-07,3.670000,3.670000,3.650000,3.670000,3.389495,3000,Training
2014-04-08,3.610000,3.660000,3.580000,3.590000,3.315609,18800,Training
2014-04-09,3.580000,3.660000,3.520000,3.590000,3.315609,35700,Training
2014-04-10,3.580000,3.580000,3.580000,3.580000,3.306373,1300,Training
2014-04-11,3.530000,3.530000,3.470000,3.520000,3.250960,16100,Training
2014-04-14,3.510000,3.530000,3.460000,3.530000,3.260195,1000,Training
2014-04-15,3.500000,3.540000,3.500000,3.540000,3.269431,4900,Training
2014-04-16,3.550000,3.550000,3.490000,3.530000,3.260195,6200,Training
2014-04-17,3.540000,3.540000,3.470000,3.470000,3.204781,10200,Training
2014-04-21,3.550000,3.620000,3.480000,3.580000,3.306373,29000,Training
2014-04-22,3.630000,3.680000,3.480000,3.540000,3.269431,25800,Training
2014-04-23,3.460000,3.610000,3.460000,3.540000,3.269431,17600,Training
2014-04-24,3.510000,3.570000,3.480000,3.500000,3.232488,9400,Training
2014-04-25,3.470000,3.580000,3.450000,3.470000,3.204781,15900,Training
2014-04-28,3.480000,3.500000,3.430000,3.500000,3.232488,4300,Training
2014-04-29,3.490000,3.570000,3.460000,3.550000,3.278666,18000,Training
2014-04-30,3.510000,3.570000,3.500000,3.500000,3.232488,4600,Training
2014-05-01,3.510000,3.530000,3.450000,3.450000,3.186310,5000,Training
2014-05-02,3.520000,3.520000,3.480000,3.480000,3.214017,2600,Training
2014-05-05,3.480000,3.480000,3.480000,3.480000,3.214017,0,Training
2014-05-06,3.490000,3.500000,3.420000,3.500000,3.232488,3500,Training
2014-05-07,3.460000,3.490000,3.300000,3.480000,3.214017,8100,Training
2014-05-08,3.400000,3.640000,3.230000,3.590000,3.315609,5600,Training
2014-05-09,3.500000,3.670000,3.500000,3.500000,3.232488,4800,Training
2014-05-12,3.500000,3.580000,3.250000,3.500000,3.232488,10600,Training
2014-05-13,3.480000,3.550000,3.480000,3.500000,3.232488,5000,Training
2014-05-14,3.320000,3.580000,3.270000,3.460000,3.195545,3900,Training
2014-05-15,3.530000,3.560000,3.400000,3.560000,3.287902,2300,Training
2014-05-16,3.570000,3.670000,3.350000,3.370000,3.112424,6200,Training
2014-05-19,3.480000,3.500000,3.460000,3.480000,3.214017,4500,Training
2014-05-20,3.430000,3.690000,3.430000,3.500000,3.232488,7200,Training
2014-05-21,3.500000,3.570000,3.330000,3.480000,3.214017,6500,Training
2014-05-22,3.500000,3.630000,3.290000,3.500000,3.232488,12800,Training
2014-05-23,3.600000,3.610000,3.470000,3.590000,3.315609,1400,Training
2014-05-27,3.570000,3.600000,3.470000,3.600000,3.324845,3300,Training
2014-05-28,3.540000,3.610000,3.470000,3.600000,3.324845,10800,Training
2014-05-29,3.560000,3.610000,3.470000,3.520000,3.250960,7200,Training
2014-05-30,3.610000,3.650000,3.500000,3.600000,3.324845,8100,Training
2014-06-02,3.650000,3.650000,3.510000,3.520000,3.250960,6600,Training
2014-06-03,3.630000,3.650000,3.510000,3.630000,3.352552,11400,Training
2014-06-04,3.650000,3.660000,3.510000,3.630000,3.352552,24800,Training
2014-06-05,3.630000,3.630000,3.550000,3.630000,3.352552,25400,Training
2014-06-06,3.610000,3.650000,3.600000,3.650000,3.371023,4600,Training
2014-06-09,3.630000,3.700000,3.630000,3.680000,3.398731,12600,Training
2014-06-10,3.660000,3.700000,3.560000,3.700000,3.417202,9900,Training
2014-06-11,3.630000,3.730000,3.630000,3.700000,3.417202,5000,Training
2014-06-12,3.730000,3.880000,3.730000,3.740000,3.454144,7500,Training
2014-06-13,3.900000,3.900000,3.700000,3.840000,3.546501,6900,Training
2014-06-16,3.830000,3.900000,3.700000,3.750000,3.463380,4600,Training
2014-06-17,3.900000,3.900000,3.800000,3.840000,3.546501,6500,Training
2014-06-18,3.900000,4.000000,3.810000,3.950000,3.648094,13100,Training
2014-06-19,3.980000,4.020000,3.930000,3.940000,3.638858,5400,Training
2014-06-20,3.940000,3.940000,3.880000,3.900000,3.601915,8300,Training
2014-06-23,3.950000,4.000000,3.740000,3.930000,3.629622,22200,Training
2014-06-24,3.970000,4.000000,3.740000,3.940000,3.638858,9500,Training
2014-06-25,3.960000,3.960000,3.870000,3.930000,3.629622,4200,Training
2014-06-26,3.930000,3.970000,3.820000,3.920000,3.620387,3500,Training
2014-06-27,3.940000,3.940000,3.930000,3.940000,3.638858,2400,Training
2014-06-30,3.970000,3.970000,3.830000,3.850000,3.555737,1300,Training
2014-07-01,3.970000,3.970000,3.970000,3.970000,3.666565,3800,Training
2014-07-02,3.960000,3.970000,3.940000,3.960000,3.657330,1400,Training
2014-07-03,3.960000,3.960000,3.860000,3.960000,3.657330,3200,Training
2014-07-07,3.950000,3.950000,3.930000,3.950000,3.648094,1900,Training
2014-07-08,3.860000,3.960000,3.850000,3.960000,3.657330,9500,Training
2014-07-09,3.960000,4.130000,3.860000,3.860000,3.564972,11800,Training
2014-07-10,3.920000,4.000000,3.920000,3.970000,3.666565,2400,Training
2014-07-11,3.930000,3.990000,3.850000,3.900000,3.601915,83200,Training
2014-07-14,3.900000,4.000000,3.880000,4.000000,3.694272,20800,Training
2014-07-15,3.870000,4.000000,3.800000,3.950000,3.648094,37800,Training
2014-07-16,3.920000,3.920000,3.780000,3.820000,3.528030,17500,Training
2014-07-17,3.830000,4.000000,3.830000,3.850000,3.555737,15800,Training
2014-07-18,3.970000,4.000000,3.880000,4.000000,3.694272,8300,Training
2014-07-21,3.930000,4.070000,3.810000,3.870000,3.574208,35300,Training
2014-07-22,3.860000,3.970000,3.770000,3.860000,3.564972,6100,Training
2014-07-23,3.890000,4.050000,3.800000,3.850000,3.555737,39800,Training
2014-07-24,3.930000,4.070000,3.930000,4.040000,3.731215,10400,Training
2014-07-25,3.940000,4.030000,3.940000,3.990000,3.685036,3200,Training
2014-07-28,3.960000,4.070000,3.960000,4.070000,3.758922,10100,Training
2014-07-29,4.000000,4.070000,4.000000,4.060000,3.749686,5800,Training
2014-07-30,4.080000,4.090000,4.080000,4.090000,3.777393,300,Training
2014-07-31,4.050000,4.090000,4.050000,4.090000,3.777393,10000,Training
2014-08-01,4.090000,4.090000,3.920000,4.080000,3.768157,15200,Training
2014-08-04,4.080000,4.080000,3.910000,3.970000,3.666565,8200,Training
2014-08-05,4.040000,4.380000,4.000000,4.310000,3.980577,13100,Training
2014-08-06,4.310000,4.370000,3.960000,4.220000,3.897457,12400,Training
2014-08-07,4.140000,4.250000,4.140000,4.250000,3.925164,800,Training
2014-08-08,4.140000,4.240000,4.060000,4.190000,3.869750,17400,Training
2014-08-11,4.190000,4.250000,3.940000,4.250000,3.925164,7800,Training
2014-08-12,4.240000,4.240000,4.070000,4.100000,3.786629,9000,Training
2014-08-13,4.190000,4.250000,4.100000,4.210000,3.888222,19200,Training
2014-08-14,4.200000,4.240000,4.070000,4.240000,3.915929,9900,Training
2014-08-15,4.110000,4.200000,3.950000,4.160000,3.842043,17700,Training
2014-08-18,4.150000,4.190000,4.060000,4.130000,3.814337,6900,Training
2014-08-19,4.150000,4.170000,4.090000,4.170000,3.851279,6200,Training
2014-08-20,4.170000,4.170000,4.100000,4.170000,3.851279,4900,Training
2014-08-21,4.160000,4.170000,4.070000,4.170000,3.851279,5700,Training
2014-08-22,4.160000,4.170000,4.140000,4.150000,3.832807,4100,Training
2014-08-25,4.070000,4.150000,4.060000,4.150000,3.832807,700,Training
2014-08-26,4.130000,4.150000,4.120000,4.120000,3.805100,3200,Training
2014-08-27,4.130000,4.140000,4.010000,4.010000,3.703508,6600,Training
2014-08-28,4.130000,4.140000,4.130000,4.140000,3.823572,1400,Training
2014-08-29,4.080000,4.120000,4.020000,4.080000,3.768157,6600,Training
2014-09-02,4.050000,4.090000,3.970000,4.020000,3.712743,7300,Training
2014-09-03,3.970000,4.070000,3.940000,4.060000,3.749686,4700,Training
2014-09-04,4.060000,4.060000,4.030000,4.030000,3.721979,1600,Training
2014-09-05,3.960000,4.070000,3.960000,4.070000,3.758922,1900,Training
2014-09-08,4.070000,4.070000,4.000000,4.070000,3.758922,900,Training
2014-09-09,3.940000,4.070000,3.940000,4.070000,3.758922,2600,Training
2014-09-10,4.070000,4.070000,3.940000,4.070000,3.758922,3400,Training
2014-09-11,4.060000,4.070000,3.930000,3.990000,3.685036,2100,Training
2014-09-12,3.990000,3.990000,3.930000,3.930000,3.629622,2300,Training
2014-09-15,3.960000,3.990000,3.880000,3.940000,3.638858,5400,Training
2014-09-16,3.950000,3.950000,3.920000,3.950000,3.648094,3600,Training
2014-09-17,3.950000,4.020000,3.950000,4.020000,3.712743,1600,Training
2014-09-18,4.020000,4.020000,3.890000,3.900000,3.601915,3700,Training
2014-09-19,3.880000,3.900000,3.630000,3.630000,3.352552,8500,Training
2014-09-22,3.750000,3.940000,3.700000,3.900000,3.601915,4100,Training
2014-09-23,3.820000,3.960000,3.760000,3.790000,3.500323,4700,Training
2014-09-24,3.880000,3.940000,3.760000,3.760000,3.472616,10900,Training
2014-09-25,3.820000,3.830000,3.780000,3.790000,3.500323,3200,Training
2014-09-26,3.740000,3.920000,3.740000,3.900000,3.601915,6900,Training
2014-09-29,3.940000,3.980000,3.820000,3.980000,3.675801,9500,Training
2014-09-30,3.980000,3.980000,3.970000,3.980000,3.675801,2100,Training
2014-10-01,4.000000,4.000000,4.000000,4.000000,3.694272,300,Training
2014-10-02,3.890000,4.000000,3.880000,4.000000,3.694272,900,Training
2014-10-03,4.000000,4.000000,3.870000,4.000000,3.694272,2300,Training
2014-10-06,4.000000,4.000000,4.000000,4.000000,3.694272,0,Training
2014-10-07,3.950000,4.000000,3.820000,4.000000,3.694272,2600,Training
2014-10-08,3.900000,4.000000,3.860000,4.000000,3.694272,4100,Training
2014-10-09,4.000000,4.000000,4.000000,4.000000,3.694272,1200,Training
2014-10-10,4.000000,4.000000,3.990000,4.000000,3.694272,1000,Training
2014-10-13,3.990000,3.990000,3.840000,3.840000,3.546501,2500,Training
2014-10-14,3.850000,3.880000,3.720000,3.880000,3.583444,2900,Training
2014-10-15,3.780000,3.960000,3.770000,3.940000,3.638858,4200,Training
2014-10-16,3.840000,3.970000,3.780000,3.940000,3.638858,2300,Training
2014-10-17,3.880000,3.940000,3.770000,3.920000,3.620387,5700,Training
2014-10-20,3.920000,3.940000,3.810000,3.940000,3.638858,1900,Training
2014-10-21,3.940000,3.940000,3.820000,3.940000,3.638858,3200,Training
2014-10-22,3.930000,3.950000,3.830000,3.950000,3.648094,3200,Training
2014-10-23,3.920000,3.920000,3.830000,3.830000,3.537266,5100,Training
2014-10-24,3.830000,3.950000,3.830000,3.950000,3.648094,2300,Training
2014-10-27,3.950000,3.950000,3.830000,3.830000,3.537266,1300,Training
2014-10-28,3.850000,3.950000,3.850000,3.950000,3.648094,1300,Training
2014-10-29,3.860000,3.920000,3.780000,3.920000,3.620387,6200,Training
2014-10-30,3.940000,3.950000,3.850000,3.860000,3.564972,5700,Training
2014-10-31,3.860000,3.930000,3.840000,3.850000,3.555737,8800,Training
2014-11-03,3.870000,3.910000,3.720000,3.840000,3.546501,15000,Training
2014-11-04,3.800000,3.840000,3.700000,3.750000,3.463380,20100,Training
2014-11-05,3.770000,3.820000,3.500000,3.800000,3.509558,20900,Training
2014-11-06,3.670000,3.720000,3.520000,3.720000,3.435673,5700,Training
2014-11-07,3.720000,3.720000,3.720000,3.720000,3.435673,0,Training
2014-11-10,3.700000,3.880000,3.700000,3.770000,3.481852,6800,Training
2014-11-11,3.770000,3.880000,3.580000,3.880000,3.583444,3400,Training
2014-11-12,3.860000,3.890000,3.790000,3.890000,3.611294,3600,Training
2014-11-13,3.860000,3.890000,3.850000,3.890000,3.611294,6400,Training
2014-11-14,3.810000,3.880000,3.810000,3.880000,3.602011,1500,Training
2014-11-17,3.820000,3.880000,3.810000,3.850000,3.574161,3000,Training
2014-11-18,3.850000,3.870000,3.850000,3.870000,3.592727,1200,Training
2014-11-19,3.850000,3.880000,3.810000,3.880000,3.602011,4800,Training
2014-11-20,3.820000,3.860000,3.720000,3.860000,3.583443,3700,Training
2014-11-21,3.880000,3.880000,3.710000,3.820000,3.546310,6100,Training
2014-11-24,3.690000,3.820000,3.680000,3.820000,3.546310,8700,Training
2014-11-25,3.810000,3.820000,3.810000,3.820000,3.546310,1600,Training
2014-11-26,3.820000,3.820000,3.820000,3.820000,3.546310,0,Training
2014-11-28,3.820000,3.850000,3.820000,3.850000,3.574161,4000,Training
2014-12-01,3.850000,3.850000,3.830000,3.850000,3.574161,2400,Training
2014-12-02,3.790000,3.850000,3.660000,3.850000,3.574161,7100,Training
2014-12-03,3.850000,3.850000,3.850000,3.850000,3.574161,1100,Training
2014-12-04,3.840000,3.880000,3.750000,3.880000,3.602011,6600,Training
2014-12-05,3.870000,3.880000,3.870000,3.880000,3.602011,1700,Training
2014-12-08,3.880000,3.880000,3.780000,3.880000,3.602011,2300,Training
2014-12-09,3.870000,3.880000,3.800000,3.880000,3.602011,2100,Training
2014-12-10,3.820000,3.880000,3.810000,3.870000,3.592727,4100,Training
2014-12-11,3.830000,3.880000,3.660000,3.880000,3.602011,8100,Training
2014-12-12,3.880000,3.880000,3.800000,3.880000,3.602011,1700,Training
2014-12-15,3.850000,3.880000,3.770000,3.880000,3.602011,2700,Training
2014-12-16,3.820000,3.830000,3.820000,3.830000,3.555593,3500,Training
2014-12-17,3.830000,3.830000,3.830000,3.830000,3.555593,1100,Training
2014-12-18,3.830000,3.880000,3.830000,3.870000,3.592727,6600,Training
2014-12-19,3.810000,3.880000,3.810000,3.880000,3.602011,2800,Training
2014-12-22,3.880000,3.900000,3.880000,3.900000,3.620578,2900,Training
2014-12-23,3.840000,3.900000,3.800000,3.900000,3.620578,3600,Training
2014-12-24,3.860000,3.900000,3.860000,3.900000,3.620578,1800,Training
2014-12-26,3.890000,3.900000,3.790000,3.900000,3.620578,5500,Training
2014-12-29,3.860000,3.900000,3.780000,3.900000,3.620578,3100,Training
2014-12-30,3.880000,3.950000,3.860000,3.930000,3.648429,4800,Training
2014-12-31,3.950000,4.050000,3.950000,4.030000,3.741264,6200,Training
2015-01-02,3.990000,4.030000,3.980000,4.030000,3.741264,11400,Training
2015-01-05,3.900000,4.010000,3.900000,4.010000,3.722697,13700,Training
2015-01-06,3.950000,3.950000,3.750000,3.920000,3.639145,9700,Training
2015-01-07,3.900000,3.920000,3.870000,3.920000,3.639145,1500,Training
2015-01-08,3.920000,3.950000,3.920000,3.950000,3.666996,2200,Training
2015-01-09,3.950000,4.010000,3.940000,4.000000,3.713413,3700,Training
2015-01-12,4.000000,4.000000,4.000000,4.000000,3.713413,1000,Training
2015-01-13,3.910000,4.000000,3.910000,4.000000,3.713413,1300,Training
2015-01-14,3.890000,4.000000,3.890000,4.000000,3.713413,200,Training
2015-01-15,3.900000,4.000000,3.800000,3.940000,3.657712,8500,Training
2015-01-16,3.980000,4.000000,3.810000,4.000000,3.713413,1200,Training
2015-01-20,3.820000,3.990000,3.820000,3.990000,3.704130,1100,Training
2015-01-21,3.990000,3.990000,3.990000,3.990000,3.704130,0,Training
2015-01-22,3.820000,4.000000,3.820000,4.000000,3.713413,6900,Training
2015-01-23,3.850000,3.880000,3.850000,3.880000,3.602011,1300,Training
2015-01-26,3.960000,3.990000,3.870000,3.870000,3.592727,1400,Training
2015-01-27,3.970000,3.990000,3.970000,3.990000,3.704130,700,Training
2015-01-28,3.900000,4.000000,3.900000,4.000000,3.713413,2600,Training
2015-01-29,3.900000,3.900000,3.900000,3.900000,3.620578,400,Training
2015-01-30,3.790000,3.990000,3.790000,3.990000,3.704130,4200,Training
2015-02-02,3.970000,3.990000,3.970000,3.990000,3.704130,500,Training
2015-02-03,3.900000,3.990000,3.900000,3.910000,3.629862,500,Training
2015-02-04,3.990000,4.000000,3.970000,3.970000,3.685563,2500,Training
2015-02-05,4.000000,4.020000,3.990000,3.990000,3.704130,1000,Training
2015-02-06,3.990000,3.990000,3.860000,3.990000,3.704130,3400,Training
2015-02-09,3.970000,3.980000,3.880000,3.980000,3.694846,3900,Training
2015-02-10,3.980000,3.980000,3.980000,3.980000,3.694846,0,Training
2015-02-11,3.820000,3.980000,3.820000,3.960000,3.676279,5400,Training
2015-02-12,3.980000,3.980000,3.970000,3.970000,3.685563,1100,Training
2015-02-13,3.970000,3.980000,3.830000,3.960000,3.676279,2300,Training
2015-02-17,3.970000,4.010000,3.860000,3.910000,3.629862,5100,Training
2015-02-18,3.860000,3.990000,3.860000,3.990000,3.704130,800,Training
2015-02-19,3.910000,3.960000,3.830000,3.900000,3.620578,8300,Training
2015-02-20,3.970000,3.990000,3.970000,3.990000,3.704130,700,Training
2015-02-23,3.990000,4.010000,3.990000,4.010000,3.722697,1800,Training
2015-02-24,3.940000,4.030000,3.940000,4.020000,3.731980,1200,Training
2015-02-25,4.020000,4.020000,4.020000,4.020000,3.731980,0,Training
2015-02-26,3.950000,4.020000,3.910000,4.020000,3.731980,2400,Training
2015-02-27,4.020000,4.030000,3.930000,4.000000,3.713413,2600,Training
2015-03-02,4.020000,4.020000,3.970000,4.020000,3.731980,1700,Training
2015-03-03,4.020000,4.080000,3.930000,4.030000,3.741264,4000,Training
2015-03-04,4.060000,4.060000,3.930000,3.930000,3.648429,600,Training
2015-03-05,3.990000,3.990000,3.980000,3.980000,3.694846,1200,Training
2015-03-06,4.020000,4.020000,3.940000,3.970000,3.685563,4100,Training
2015-03-09,3.970000,4.020000,3.970000,4.010000,3.722697,1400,Training
2015-03-10,4.020000,4.020000,4.010000,4.010000,3.722697,1200,Training
2015-03-11,4.020000,4.050000,3.900000,3.920000,3.639145,4600,Training
2015-03-12,4.020000,4.020000,3.980000,3.990000,3.704130,4100,Training
2015-03-13,4.020000,4.020000,4.020000,4.020000,3.731980,1300,Training
2015-03-16,4.020000,4.020000,4.020000,4.020000,3.731980,1000,Training
2015-03-17,4.000000,4.020000,4.000000,4.020000,3.731980,8900,Training
2015-03-18,4.020000,4.050000,4.020000,4.040000,3.750548,1000,Training
2015-03-19,4.000000,4.040000,3.980000,4.030000,3.741264,5600,Training
2015-03-20,3.980000,4.080000,3.920000,3.950000,3.666996,7500,Training
2015-03-23,3.940000,4.050000,3.940000,4.050000,3.759831,2800,Training
2015-03-24,4.010000,4.050000,4.010000,4.050000,3.759831,1900,Training
2015-03-25,4.050000,4.050000,3.940000,3.940000,3.657712,1100,Training
2015-03-26,3.980000,4.020000,3.970000,4.020000,3.731980,900,Training
2015-03-27,3.960000,3.960000,3.960000,3.960000,3.676279,100,Training
2015-03-30,3.960000,4.030000,3.940000,4.030000,3.741264,2600,Training
2015-03-31,4.050000,4.050000,4.020000,4.030000,3.741264,7400,Training
2015-04-01,3.960000,3.980000,3.960000,3.980000,3.694846,700,Training
2015-04-02,3.960000,3.960000,3.960000,3.960000,3.676279,100,Training
2015-04-06,3.960000,3.960000,3.960000,3.960000,3.676279,300,Training
2015-04-07,3.960000,3.990000,3.940000,3.940000,3.657712,1500,Training
2015-04-08,3.940000,3.990000,3.940000,3.990000,3.704130,3000,Training
2015-04-09,3.960000,3.990000,3.960000,3.990000,3.722790,900,Training
2015-04-10,3.990000,4.000000,3.980000,4.000000,3.732121,4400,Training
2015-04-13,4.000000,4.000000,3.950000,4.000000,3.732121,2400,Training
2015-04-14,4.000000,4.000000,4.000000,4.000000,3.732121,0,Training
2015-04-15,3.930000,4.000000,3.930000,3.980000,3.713460,1800,Training
2015-04-16,3.970000,3.970000,3.970000,3.970000,3.704130,100,Training
2015-04-17,3.950000,3.960000,3.950000,3.960000,3.694799,500,Training
2015-04-20,3.970000,3.970000,3.970000,3.970000,3.704130,100,Training
2015-04-21,3.910000,3.960000,3.910000,3.960000,3.694799,700,Training
2015-04-22,3.960000,3.960000,3.960000,3.960000,3.694799,200,Training
2015-04-23,3.930000,3.960000,3.930000,3.960000,3.694799,900,Training
2015-04-24,3.960000,3.960000,3.960000,3.960000,3.694799,900,Training
2015-04-27,3.960000,3.970000,3.960000,3.970000,3.704130,1300,Training
2015-04-28,3.960000,3.970000,3.960000,3.970000,3.704130,1200,Training
2015-04-29,3.900000,3.960000,3.900000,3.960000,3.694799,300,Training
2015-04-30,3.960000,3.960000,3.960000,3.960000,3.694799,500,Training
2015-05-01,3.960000,3.960000,3.960000,3.960000,3.694799,0,Training
2015-05-04,3.960000,3.960000,3.960000,3.960000,3.694799,0,Training
2015-05-05,3.960000,3.960000,3.880000,3.960000,3.694799,5900,Training
2015-05-06,3.920000,3.970000,3.880000,3.970000,3.704130,4000,Training
2015-05-07,3.890000,3.960000,3.890000,3.960000,3.694799,1000,Training
2015-05-08,3.900000,3.960000,3.850000,3.930000,3.666809,5800,Training
2015-05-11,3.800000,3.930000,3.790000,3.800000,3.545515,5900,Training
2015-05-12,3.890000,3.890000,3.800000,3.850000,3.592166,4700,Training
2015-05-13,3.790000,3.820000,3.750000,3.790000,3.536184,2500,Training
2015-05-14,3.830000,3.830000,3.700000,3.720000,3.470872,3100,Training
2015-05-15,3.810000,3.810000,3.570000,3.610000,3.368238,4500,Training
2015-05-18,3.550000,3.710000,3.510000,3.690000,3.442881,4900,Training
2015-05-19,3.620000,3.650000,3.600000,3.600000,3.358908,2600,Training
2015-05-20,3.510000,3.590000,3.380000,3.510000,3.274936,9300,Training
2015-05-21,3.480000,3.480000,3.300000,3.400000,3.172303,6300,Training
2015-05-22,3.390000,3.400000,3.330000,3.400000,3.172303,3800,Training
2015-05-26,3.400000,3.400000,3.160000,3.270000,3.051009,12600,Training
2015-05-27,3.190000,3.270000,3.090000,3.130000,2.920385,24300,Training
2015-05-28,3.200000,3.380000,3.200000,3.300000,3.078999,16200,Training
2015-05-29,3.390000,3.970000,3.390000,3.800000,3.545515,30800,Training
2015-06-01,3.810000,3.880000,3.670000,3.780000,3.526854,3600,Training
2015-06-02,3.890000,3.900000,3.710000,3.880000,3.620157,6100,Training
2015-06-03,3.630000,3.880000,3.630000,3.870000,3.610826,2100,Training
2015-06-04,3.870000,3.870000,3.650000,3.850000,3.592166,1600,Training
2015-06-05,3.820000,3.820000,3.670000,3.820000,3.564175,4000,Training
2015-06-08,3.620000,3.850000,3.610000,3.720000,3.470872,4100,Training
2015-06-09,3.880000,3.880000,3.740000,3.770000,3.517524,3000,Training
2015-06-10,3.880000,3.880000,3.620000,3.680000,3.433551,4300,Training
2015-06-11,3.860000,3.860000,3.530000,3.670000,3.424221,9600,Training
2015-06-12,3.730000,3.800000,3.530000,3.750000,3.498863,1300,Training
2015-06-15,3.420000,3.770000,3.420000,3.730000,3.480202,37600,Training
2015-06-16,3.600000,3.760000,3.600000,3.650000,3.405560,8600,Training
2015-06-17,3.650000,3.700000,3.500000,3.670000,3.424221,6800,Training
2015-06-18,3.600000,3.730000,3.510000,3.680000,3.433551,8500,Training
2015-06-19,3.680000,3.720000,3.630000,3.700000,3.452211,18900,Training
2015-06-22,3.590000,3.710000,3.550000,3.710000,3.461542,1500,Training
2015-06-23,3.550000,3.710000,3.550000,3.690000,3.442881,3900,Training
2015-06-24,3.560000,3.710000,3.540000,3.690000,3.442881,2800,Training
2015-06-25,3.690000,3.690000,3.690000,3.690000,3.442881,100,Training
2015-06-26,3.690000,3.690000,3.690000,3.690000,3.442881,0,Training
2015-06-29,3.690000,3.710000,3.630000,3.630000,3.386900,2100,Training
2015-06-30,3.700000,3.710000,3.620000,3.620000,3.377569,3400,Training
2015-07-01,3.710000,3.710000,3.710000,3.710000,3.461542,2200,Training
2015-07-02,3.710000,3.710000,3.710000,3.710000,3.461542,200,Training
2015-07-06,3.700000,3.710000,3.450000,3.630000,3.386900,2800,Training
2015-07-07,3.580000,3.710000,3.580000,3.640000,3.396230,2800,Training
2015-07-08,3.690000,3.700000,3.570000,3.570000,3.330917,3200,Training
2015-07-09,3.660000,3.700000,3.650000,3.650000,3.405560,2300,Training
2015-07-10,3.650000,3.650000,3.560000,3.560000,3.321587,1700,Training
2015-07-13,3.690000,3.700000,3.660000,3.670000,3.424221,1400,Training
2015-07-14,3.700000,3.700000,3.650000,3.650000,3.405560,2700,Training
2015-07-15,3.700000,3.700000,3.650000,3.700000,3.452211,5100,Training
2015-07-16,3.700000,3.700000,3.700000,3.700000,3.452211,2100,Training
2015-07-17,3.700000,3.700000,3.700000,3.700000,3.452211,1100,Training
2015-07-20,3.650000,3.700000,3.650000,3.700000,3.452211,1100,Training
2015-07-21,3.700000,3.700000,3.700000,3.700000,3.452211,700,Training
2015-07-22,3.670000,3.700000,3.670000,3.670000,3.424221,3900,Training
2015-07-23,3.700000,3.700000,3.650000,3.650000,3.405560,1500,Training
2015-07-24,3.650000,3.650000,3.650000,3.650000,3.405560,1200,Training
2015-07-27,3.700000,3.700000,3.700000,3.700000,3.452211,900,Training
2015-07-28,3.650000,3.700000,3.650000,3.660000,3.414891,1100,Training
2015-07-29,3.700000,3.700000,3.580000,3.670000,3.424221,3400,Training
2015-07-30,3.670000,3.700000,3.670000,3.700000,3.452211,1200,Training
2015-07-31,3.700000,3.720000,3.700000,3.720000,3.470872,9300,Training
2015-08-03,3.650000,3.720000,3.510000,3.720000,3.470872,1500,Training
2015-08-04,3.660000,3.700000,3.520000,3.700000,3.452211,4800,Training
2015-08-05,3.700000,3.700000,3.700000,3.700000,3.452211,0,Training
2015-08-06,3.710000,3.720000,3.590000,3.720000,3.470872,1400,Training
2015-08-07,3.680000,3.710000,3.680000,3.710000,3.461542,1500,Training
2015-08-10,3.660000,3.680000,3.660000,3.680000,3.433551,700,Training
2015-08-11,3.670000,3.680000,3.640000,3.680000,3.433551,800,Training
2015-08-12,3.670000,3.760000,3.620000,3.640000,3.396230,14100,Training
2015-08-13,3.580000,3.660000,3.530000,3.650000,3.405560,4000,Training
2015-08-14,3.680000,3.680000,3.530000,3.600000,3.358908,5500,Training
2015-08-17,3.640000,3.650000,3.540000,3.630000,3.386900,1300,Training
2015-08-18,3.660000,3.670000,3.500000,3.650000,3.405560,3800,Training
2015-08-19,3.530000,3.600000,3.500000,3.600000,3.358908,4400,Training
2015-08-20,3.440000,3.640000,3.440000,3.580000,3.340248,1800,Training
2015-08-21,3.620000,3.640000,3.420000,3.580000,3.340248,2300,Training
2015-08-24,3.620000,3.640000,3.420000,3.490000,3.256275,1800,Training
2015-08-25,3.580000,3.600000,3.530000,3.530000,3.293596,1700,Training
2015-08-26,3.600000,3.600000,3.380000,3.380000,3.153642,2600,Training
2015-08-27,3.600000,3.600000,3.480000,3.520000,3.284266,4600,Training
2015-08-28,3.430000,3.610000,3.430000,3.510000,3.274936,5500,Training
2015-08-31,3.650000,3.650000,3.470000,3.600000,3.358908,1800,Training
2015-09-01,3.590000,3.600000,3.510000,3.590000,3.349578,2000,Training
2015-09-02,3.600000,3.600000,3.470000,3.520000,3.284266,3100,Training
2015-09-03,3.600000,3.600000,3.360000,3.360000,3.134981,4900,Training
2015-09-04,3.520000,3.550000,3.430000,3.500000,3.265605,3000,Training
2015-09-08,3.540000,3.580000,3.430000,3.540000,3.302927,8300,Training
2015-09-09,3.520000,3.550000,3.340000,3.420000,3.190963,5500,Training
2015-09-10,3.560000,3.590000,3.450000,3.580000,3.340248,7100,Training
2015-09-11,3.550000,3.590000,3.500000,3.590000,3.349578,6000,Training
2015-09-14,3.470000,3.590000,3.470000,3.500000,3.265605,6800,Training
2015-09-15,3.510000,3.570000,3.410000,3.450000,3.218954,8100,Training
2015-09-16,3.550000,3.570000,3.340000,3.390000,3.162972,7200,Training
2015-09-17,3.490000,3.520000,3.300000,3.360000,3.134981,20700,Training
2015-09-18,3.420000,3.720000,3.380000,3.720000,3.470872,37100,Training
2015-09-21,3.720000,3.720000,3.540000,3.690000,3.442881,11700,Training
2015-09-22,3.710000,3.760000,3.680000,3.760000,3.508193,10000,Training
2015-09-23,3.760000,3.800000,3.580000,3.800000,3.545515,8000,Training
2015-09-24,3.790000,3.960000,3.790000,3.960000,3.694799,9200,Training
2015-09-25,3.950000,4.000000,3.890000,4.000000,3.732121,7800,Training
2015-09-28,3.970000,4.000000,3.560000,4.000000,3.732121,7100,Training
2015-09-29,4.000000,4.050000,3.980000,4.050000,3.778772,8200,Training
2015-09-30,4.040000,4.050000,4.010000,4.040000,3.769442,4600,Training
2015-10-01,4.040000,4.050000,3.860000,4.050000,3.778772,4400,Training
2015-10-02,4.050000,4.050000,3.930000,4.040000,3.769442,2400,Training
2015-10-05,4.050000,4.210000,3.760000,4.050000,3.778772,18600,Training
2015-10-06,4.200000,4.200000,4.050000,4.090000,3.816094,3300,Training
2015-10-07,4.090000,4.090000,3.980000,3.980000,3.713460,3500,Training
2015-10-08,3.970000,4.380000,3.970000,4.270000,3.984038,13000,Training
2015-10-09,4.270000,4.300000,4.110000,4.130000,3.853415,9200,Training
2015-10-12,4.180000,4.240000,4.110000,4.150000,3.872075,3000,Training
2015-10-13,4.220000,4.250000,4.190000,4.250000,3.965378,3600,Training
2015-10-14,4.250000,4.280000,4.230000,4.250000,3.965378,2800,Training
2015-10-15,4.250000,4.250000,4.230000,4.250000,3.965378,4600,Training
2015-10-16,4.220000,4.280000,4.220000,4.250000,3.965378,11400,Training
2015-10-19,4.280000,4.280000,4.270000,4.280000,3.993370,5400,Training
2015-10-20,4.280000,4.300000,4.280000,4.290000,4.002699,1400,Training
2015-10-21,4.270000,4.360000,4.250000,4.300000,4.012030,10100,Training
2015-10-22,4.380000,4.380000,4.230000,4.230000,3.946718,3200,Training
2015-10-23,4.380000,4.380000,4.280000,4.300000,4.012030,2000,Training
2015-10-26,4.270000,4.420000,4.240000,4.250000,3.965378,5100,Training
2015-10-27,4.250000,4.360000,4.230000,4.300000,4.012030,4400,Training
2015-10-28,4.300000,4.320000,4.070000,4.290000,4.002699,12300,Training
2015-10-29,4.360000,4.440000,4.360000,4.440000,4.142653,4400,Training
2015-10-30,4.440000,4.440000,4.350000,4.410000,4.114663,2600,Training
2015-11-02,4.440000,4.870000,4.410000,4.820000,4.497205,16700,Training
2015-11-03,4.790000,4.900000,4.720000,4.740000,4.422563,12900,Training
2015-11-04,4.650000,4.860000,4.650000,4.820000,4.497205,23100,Training
2015-11-05,4.800000,4.820000,4.750000,4.750000,4.431893,9700,Training
2015-11-06,4.750000,4.750000,4.750000,4.750000,4.431893,1000,Training
2015-11-09,4.730000,5.000000,4.730000,5.000000,4.665151,8100,Training
2015-11-10,5.000000,5.000000,4.840000,4.910000,4.581178,4600,Training
2015-11-11,4.920000,4.920000,4.750000,4.840000,4.515867,16300,Training
2015-11-12,4.900000,4.980000,4.760000,4.940000,4.609168,2700,Training
2015-11-13,5.000000,5.000000,4.710000,4.710000,4.394572,4900,Training
2015-11-16,4.900000,4.900000,4.760000,4.890000,4.562517,7400,Training
2015-11-17,4.830000,5.000000,4.800000,4.960000,4.627830,4000,Training
2015-11-18,4.990000,5.000000,4.830000,4.870000,4.543857,10400,Training
2015-11-19,4.920000,4.990000,4.900000,4.900000,4.571847,1700,Training
2015-11-20,4.880000,4.890000,4.510000,4.690000,4.375912,1600,Training
2015-11-23,4.690000,4.690000,4.360000,4.600000,4.291938,9100,Training
2015-11-24,4.580000,4.630000,4.520000,4.600000,4.291938,1200,Training
2015-11-25,4.520000,4.800000,4.520000,4.800000,4.478546,3600,Training
2015-11-27,4.740000,4.800000,4.720000,4.780000,4.459884,1100,Training
2015-11-30,4.700000,4.780000,4.700000,4.780000,4.459884,3000,Training
2015-12-01,4.770000,4.770000,4.620000,4.750000,4.431893,3200,Training
2015-12-02,4.750000,4.770000,4.720000,4.760000,4.441224,1900,Training
2015-12-03,4.740000,4.760000,4.650000,4.750000,4.431893,4900,Training
2015-12-04,4.750000,4.750000,4.720000,4.750000,4.431893,1500,Training
2015-12-07,4.730000,4.780000,4.660000,4.770000,4.450553,2600,Training
2015-12-08,4.830000,4.990000,4.700000,4.980000,4.646490,13000,Training
2015-12-09,4.990000,4.990000,4.840000,4.900000,4.571847,7300,Training
2015-12-10,4.880000,4.880000,4.560000,4.740000,4.422563,3800,Training
2015-12-11,4.660000,4.770000,4.630000,4.740000,4.422563,3900,Training
2015-12-14,4.890000,4.890000,4.750000,4.750000,4.431893,3000,Training
2015-12-15,4.670000,4.750000,4.670000,4.740000,4.422563,2000,Training
2015-12-16,4.690000,4.740000,4.690000,4.740000,4.422563,500,Training
2015-12-17,4.670000,4.740000,4.670000,4.690000,4.375912,2400,Training
2015-12-18,4.690000,4.740000,4.610000,4.740000,4.422563,3400,Training
2015-12-21,4.660000,4.740000,4.660000,4.740000,4.422563,2100,Training
2015-12-22,4.720000,4.720000,4.520000,4.720000,4.403902,9200,Training
2015-12-23,4.710000,4.730000,4.700000,4.730000,4.413233,2600,Training
2015-12-24,4.680000,4.750000,4.680000,4.740000,4.422563,1000,Training
2015-12-28,4.720000,4.750000,4.700000,4.720000,4.403902,3300,Training
2015-12-29,4.750000,4.980000,4.750000,4.980000,4.646490,5800,Training
2015-12-30,4.970000,4.990000,4.770000,4.870000,4.543857,11100,Training
2015-12-31,4.960000,4.990000,4.870000,4.990000,4.655820,4600,Training
2016-01-04,4.990000,4.990000,4.770000,4.840000,4.515867,8300,Training
2016-01-05,4.800000,4.890000,4.570000,4.570000,4.263947,4900,Training
2016-01-06,4.700000,4.700000,4.650000,4.700000,4.385242,1900,Training
2016-01-07,4.660000,4.660000,4.410000,4.580000,4.273278,1700,Training
2016-01-08,4.620000,4.650000,4.460000,4.460000,4.161315,6400,Training
2016-01-11,4.500000,4.500000,4.260000,4.260000,3.974708,1400,Training
2016-01-12,4.170000,4.400000,4.170000,4.280000,3.993370,900,Training
2016-01-13,4.470000,4.470000,4.390000,4.390000,4.096002,2200,Training
2016-01-14,4.370000,4.480000,4.370000,4.420000,4.123993,3100,Training
2016-01-15,4.550000,4.550000,4.200000,4.450000,4.151984,14200,Training
2016-01-19,4.670000,4.670000,4.610000,4.610000,4.301270,1100,Training
2016-01-20,4.560000,4.680000,3.390000,3.930000,3.666809,18600,Training
2016-01-21,4.120000,4.310000,4.000000,4.220000,3.937387,3300,Training
2016-01-22,4.220000,4.280000,4.090000,4.280000,3.993370,1400,Training
2016-01-25,4.500000,4.500000,4.330000,4.330000,4.040020,1800,Training
2016-01-26,4.470000,4.470000,4.020000,4.260000,3.974708,3500,Training
2016-01-27,4.390000,4.390000,4.030000,4.270000,3.984038,1400,Training
2016-01-28,4.340000,4.470000,4.320000,4.450000,4.151984,1400,Training
2016-01-29,4.490000,4.500000,4.360000,4.360000,4.068012,3600,Training
2016-02-01,4.500000,4.500000,4.450000,4.490000,4.189304,2200,Training
2016-02-02,4.490000,4.500000,4.490000,4.490000,4.189304,1600,Training
2016-02-03,4.500000,4.500000,4.500000,4.500000,4.198636,200,Training
2016-02-04,4.500000,4.500000,4.490000,4.500000,4.198636,1300,Training
2016-02-05,4.500000,4.500000,4.500000,4.500000,4.198636,1000,Training
2016-02-08,4.500000,4.500000,4.490000,4.500000,4.198636,1200,Training
2016-02-09,4.480000,4.480000,4.280000,4.400000,4.105332,2800,Training
2016-02-10,4.500000,4.500000,4.480000,4.500000,4.198636,1200,Training
2016-02-11,4.490000,4.500000,4.490000,4.500000,4.198636,2600,Training
2016-02-12,4.480000,4.490000,4.010000,4.300000,4.012030,10700,Training
2016-02-16,4.300000,4.400000,4.000000,4.190000,3.909396,14100,Training
2016-02-17,4.380000,4.380000,4.380000,4.380000,4.086672,100,Training
2016-02-18,4.310000,4.380000,3.810000,3.990000,3.722790,12400,Training
2016-02-19,4.000000,4.110000,3.800000,4.050000,3.778772,16800,Training
2016-02-22,4.200000,4.200000,4.070000,4.070000,3.797433,1300,Training
2016-02-23,4.330000,4.330000,4.330000,4.330000,4.040020,1200,Training
2016-02-24,4.330000,4.330000,4.330000,4.330000,4.040020,0,Training
2016-02-25,4.340000,4.340000,4.210000,4.300000,4.012030,1800,Training
2016-02-26,4.270000,4.300000,4.200000,4.200000,3.918726,8400,Training
2016-02-29,4.300000,4.300000,4.170000,4.170000,3.890736,2200,Training
2016-03-01,4.180000,4.180000,4.180000,4.180000,3.900066,400,Training
2016-03-02,4.300000,4.300000,4.150000,4.280000,3.993370,4600,Training
2016-03-03,4.300000,4.300000,4.020000,4.020000,3.750781,3600,Training
2016-03-04,4.020000,4.020000,4.020000,4.020000,3.750781,0,Training
2016-03-07,4.020000,4.190000,4.020000,4.160000,3.881405,1700,Training
2016-03-08,4.160000,4.160000,4.160000,4.160000,3.881405,0,Training
2016-03-09,4.200000,4.200000,4.160000,4.160000,3.881405,1600,Training
2016-03-10,4.160000,4.160000,4.160000,4.160000,3.881405,0,Training
2016-03-11,4.260000,4.260000,4.070000,4.260000,3.974708,2300,Training
2016-03-14,4.220000,4.230000,4.220000,4.230000,3.946718,200,Training
2016-03-15,4.060000,4.150000,4.050000,4.150000,3.872075,2600,Training
2016-03-16,4.150000,4.150000,4.150000,4.150000,3.872075,0,Training
2016-03-17,4.150000,4.170000,4.030000,4.160000,3.881405,4100,Training
2016-03-18,4.180000,4.490000,4.120000,4.380000,4.086672,12600,Training
2016-03-21,4.130000,4.340000,3.990000,4.210000,3.928057,13400,Training
2016-03-22,4.020000,4.200000,4.000000,4.200000,3.918726,2300,Training
2016-03-23,4.020000,4.020000,3.660000,3.930000,3.666809,9600,Training
2016-03-24,4.010000,4.100000,3.930000,4.080000,3.806763,2600,Training
2016-03-28,4.010000,4.100000,3.760000,3.920000,3.657478,9700,Training
2016-03-29,4.030000,4.250000,3.810000,4.140000,3.862745,4900,Training
2016-03-30,4.040000,4.290000,4.040000,4.180000,3.900066,2000,Training
2016-03-31,4.250000,4.640000,4.250000,4.450000,4.151984,6900,Training
2016-04-01,4.450000,4.930000,4.450000,4.900000,4.571847,6700,Training
2016-04-04,4.850000,5.000000,4.520000,4.810000,4.487875,6100,Training
2016-04-05,4.880000,5.000000,4.770000,4.850000,4.525197,2900,Training
2016-04-06,4.910000,4.910000,4.860000,4.900000,4.571847,500,Training
2016-04-07,4.860000,4.860000,4.780000,4.830000,4.525005,900,Training
2016-04-08,4.770000,4.900000,4.570000,4.630000,4.337634,2900,Training
2016-04-11,4.610000,4.810000,4.560000,4.560000,4.272054,5800,Training
2016-04-12,4.710000,4.710000,4.700000,4.710000,4.412582,400,Training
2016-04-13,4.710000,4.710000,4.710000,4.710000,4.412582,0,Training
2016-04-14,4.750000,4.750000,4.710000,4.720000,4.421950,3600,Training
2016-04-15,4.570000,4.760000,4.540000,4.540000,4.253317,2000,Training
2016-04-18,4.550000,4.550000,4.020000,4.210000,3.944156,4400,Training
2016-04-19,4.430000,4.560000,4.350000,4.410000,4.131526,3500,Training
2016-04-20,4.250000,4.480000,4.220000,4.480000,4.197106,1100,Training
2016-04-21,4.600000,4.600000,4.540000,4.540000,4.253317,300,Training
2016-04-22,4.460000,4.620000,4.420000,4.620000,4.328266,1400,Training
2016-04-25,4.630000,4.630000,4.630000,4.630000,4.337634,300,Training
2016-04-26,4.550000,4.550000,4.240000,4.240000,3.972261,5000,Training
2016-04-27,4.400000,4.400000,4.170000,4.240000,3.972261,1600,Training
2016-04-28,4.280000,4.310000,4.170000,4.310000,4.037841,3700,Training
2016-04-29,4.120000,4.180000,3.860000,4.180000,3.916049,2600,Training
2016-05-02,4.180000,4.180000,4.180000,4.180000,3.916049,0,Training
2016-05-03,3.840000,4.120000,3.780000,4.120000,3.859838,900,Training
2016-05-04,4.080000,4.410000,4.080000,4.160000,3.897312,1900,Training
2016-05-05,4.090000,4.200000,4.050000,4.180000,3.916049,1900,Training
2016-05-06,4.170000,4.170000,4.110000,4.110000,3.850470,700,Training
2016-05-09,4.300000,4.300000,4.050000,4.100000,3.841101,4200,Training
2016-05-10,4.100000,4.100000,4.100000,4.100000,3.841101,0,Training
2016-05-11,3.950000,3.950000,3.950000,3.950000,3.700573,400,Training
2016-05-12,3.950000,3.950000,3.950000,3.950000,3.700573,0,Training
2016-05-13,3.870000,3.870000,3.870000,3.870000,3.625625,100,Training
2016-05-16,3.960000,3.960000,3.530000,3.530000,3.307095,12000,Training
2016-05-17,3.450000,3.530000,3.310000,3.350000,3.138461,6000,Training
2016-05-18,3.420000,3.420000,3.420000,3.420000,3.204041,500,Training
2016-05-19,3.350000,3.350000,3.350000,3.350000,3.138461,500,Training
2016-05-20,3.360000,3.440000,3.250000,3.320000,3.110355,3800,Training
2016-05-23,3.390000,3.440000,3.290000,3.350000,3.138461,3100,Training
2016-05-24,3.220000,3.440000,3.220000,3.350000,3.138461,4000,Training
2016-05-25,3.210000,3.490000,3.210000,3.490000,3.269621,2000,Training
2016-05-26,3.360000,3.570000,3.360000,3.440000,3.222778,5900,Training
2016-05-27,3.390000,3.560000,3.260000,3.560000,3.335200,5800,Training
2016-05-31,3.560000,3.690000,3.560000,3.680000,3.447623,3300,Training
2016-06-01,3.610000,3.760000,3.440000,3.650000,3.419517,4200,Training
2016-06-02,3.650000,3.670000,3.550000,3.550000,3.325832,900,Training
2016-06-03,3.610000,3.640000,3.610000,3.640000,3.410149,2200,Training
2016-06-06,3.690000,3.690000,3.630000,3.630000,3.400780,2200,Training
2016-06-07,3.590000,3.590000,3.510000,3.540000,3.316463,2200,Training
2016-06-08,3.540000,3.540000,3.530000,3.530000,3.307095,1000,Training
2016-06-09,3.530000,3.530000,3.530000,3.530000,3.307095,800,Training
2016-06-10,3.510000,3.530000,3.510000,3.530000,3.307095,700,Training
2016-06-13,3.680000,3.680000,3.520000,3.670000,3.438254,1300,Training
2016-06-14,3.670000,3.720000,3.510000,3.580000,3.353937,2000,Training
2016-06-15,3.530000,3.730000,3.510000,3.640000,3.410149,3500,Training
2016-06-16,3.980000,3.980000,3.790000,3.790000,3.550677,1300,Training
2016-06-17,3.940000,3.940000,3.830000,3.830000,3.588151,1900,Training
2016-06-20,3.840000,3.960000,3.840000,3.910000,3.663099,1000,Training
2016-06-21,3.910000,3.930000,3.870000,3.930000,3.681836,900,Training
2016-06-22,3.960000,3.960000,3.950000,3.950000,3.700573,900,Training
2016-06-23,4.020000,4.040000,3.960000,3.960000,3.709942,1100,Training
2016-06-24,4.020000,4.020000,3.960000,3.990000,3.738047,1700,Training
2016-06-27,4.000000,4.180000,3.950000,4.180000,3.916049,5600,Training
2016-06-28,4.330000,4.330000,3.960000,4.150000,3.887944,3500,Training
2016-06-29,3.960000,4.460000,3.960000,3.990000,3.738047,1300,Training
2016-06-30,4.000000,4.080000,3.960000,3.960000,3.709942,5500,Training
2016-07-01,3.870000,4.000000,3.870000,3.930000,3.681836,3700,Training
2016-07-05,3.930000,3.930000,3.930000,3.930000,3.681836,700,Training
2016-07-06,3.800000,4.090000,3.800000,4.090000,3.831733,1300,Training
2016-07-07,4.150000,4.150000,4.150000,4.150000,3.887944,500,Training
2016-07-08,4.150000,4.150000,4.070000,4.100000,3.841101,2500,Training
2016-07-11,4.100000,4.100000,4.100000,4.100000,3.841101,0,Training
2016-07-12,4.100000,4.100000,4.100000,4.100000,3.841101,0,Training
2016-07-13,4.100000,4.100000,4.100000,4.100000,3.841101,0,Training
2016-07-14,4.000000,4.250000,4.000000,4.200000,3.934787,1100,Training
2016-07-15,4.200000,4.200000,4.200000,4.200000,3.934787,0,Training
2016-07-18,4.300000,4.300000,4.110000,4.250000,3.981630,800,Training
2016-07-19,4.250000,4.250000,4.250000,4.250000,3.981630,0,Training
2016-07-20,4.250000,4.250000,4.250000,4.250000,3.981630,0,Training
2016-07-21,4.250000,4.250000,4.250000,4.250000,3.981630,0,Training
2016-07-22,4.250000,4.250000,4.250000,4.250000,3.981630,0,Training
2016-07-25,4.200000,4.250000,3.960000,4.000000,3.747416,5100,Training
2016-07-26,3.950000,3.960000,3.950000,3.960000,3.709942,600,Training
2016-07-27,3.960000,3.960000,3.960000,3.960000,3.709942,0,Training
2016-07-28,4.300000,4.300000,4.200000,4.200000,3.934787,700,Training
2016-07-29,4.100000,4.220000,4.100000,4.220000,3.953524,600,Training
2016-08-01,4.220000,4.220000,4.220000,4.220000,3.953524,0,Training
2016-08-02,4.170000,4.250000,4.100000,4.250000,3.981630,300,Training
2016-08-03,4.180000,4.250000,4.100000,4.250000,3.981630,2200,Training
2016-08-04,4.250000,4.250000,4.150000,4.160000,3.897312,700,Training
2016-08-05,4.100000,4.160000,4.080000,4.160000,3.897312,1100,Training
2016-08-08,4.140000,4.140000,4.140000,4.140000,3.878576,500,Training
2016-08-09,4.100000,4.160000,4.100000,4.140000,3.878576,600,Training
2016-08-10,4.100000,4.150000,4.100000,4.100000,3.841101,800,Training
2016-08-11,4.070000,4.130000,4.000000,4.060000,3.803627,8500,Training
2016-08-12,4.060000,4.060000,4.060000,4.060000,3.803627,0,Training
2016-08-15,4.010000,4.010000,3.750000,3.750000,3.513203,3700,Training
2016-08-16,3.750000,3.750000,3.750000,3.750000,3.513203,0,Training
2016-08-17,3.750000,3.750000,3.750000,3.750000,3.513203,0,Training
2016-08-18,3.750000,3.750000,3.750000,3.750000,3.513203,0,Training
2016-08-19,3.750000,3.750000,3.750000,3.750000,3.513203,0,Training
2016-08-22,3.900000,4.290000,3.510000,3.510000,3.288357,139100,Training
2016-08-23,3.500000,3.720000,3.260000,3.480000,3.260252,74700,Training
2016-08-24,3.440000,3.780000,3.420000,3.550000,3.325832,4200,Training
2016-08-25,3.550000,3.700000,3.350000,3.490000,3.269621,17700,Training
2016-08-26,3.630000,3.630000,3.120000,3.540000,3.316463,16700,Training
2016-08-29,3.560000,3.560000,3.340000,3.540000,3.316463,2800,Training
2016-08-30,3.650000,3.650000,3.350000,3.540000,3.316463,9000,Training
2016-08-31,3.420000,3.620000,3.420000,3.620000,3.391411,8800,Training
2016-09-01,3.650000,3.660000,3.620000,3.660000,3.428886,3700,Training
2016-09-02,3.430000,3.670000,3.410000,3.640000,3.410149,4700,Training
2016-09-06,3.510000,3.680000,3.270000,3.450000,3.232146,12700,Training
2016-09-07,3.450000,3.450000,3.350000,3.350000,3.138461,2900,Training
2016-09-08,3.390000,3.450000,3.180000,3.440000,3.222778,10600,Training
2016-09-09,3.440000,3.570000,3.370000,3.570000,3.344568,28700,Training
2016-09-12,3.570000,3.570000,3.340000,3.360000,3.147829,11700,Training
2016-09-13,3.380000,3.500000,3.350000,3.490000,3.269621,2400,Training
2016-09-14,3.280000,3.500000,3.280000,3.470000,3.250883,7200,Training
2016-09-15,3.440000,3.450000,3.400000,3.400000,3.185304,3500,Training
2016-09-16,3.400000,3.480000,3.240000,3.240000,3.035407,9400,Training
2016-09-19,3.260000,3.440000,3.250000,3.250000,3.044776,17200,Training
2016-09-20,3.360000,3.400000,3.350000,3.370000,3.157198,2400,Training
2016-09-21,3.370000,3.420000,3.310000,3.310000,3.100986,1800,Training
2016-09-22,3.300000,3.410000,3.300000,3.300000,3.091618,1500,Training
2016-09-23,3.370000,3.430000,3.370000,3.430000,3.213409,2100,Training
2016-09-26,3.360000,3.430000,3.310000,3.420000,3.204041,3300,Training
2016-09-27,3.420000,3.460000,3.340000,3.440000,3.222778,4000,Training
2016-09-28,3.420000,3.450000,3.370000,3.370000,3.157198,1800,Training
2016-09-29,3.420000,3.420000,3.060000,3.260000,3.054144,6600,Training
2016-09-30,3.320000,3.320000,3.240000,3.240000,3.035407,3400,Training
2016-10-03,3.300000,3.310000,3.240000,3.300000,3.091618,2300,Training
2016-10-04,3.350000,3.450000,3.210000,3.440000,3.222778,10100,Training
2016-10-05,3.390000,3.390000,3.260000,3.260000,3.054144,2100,Training
2016-10-06,3.360000,3.400000,3.270000,3.270000,3.063513,2400,Training
2016-10-07,3.350000,3.350000,3.330000,3.330000,3.119724,3100,Training
2016-10-10,3.390000,3.390000,3.300000,3.300000,3.091618,2700,Training
2016-10-11,3.350000,3.500000,3.350000,3.490000,3.269621,9800,Training
2016-10-12,3.490000,3.490000,3.350000,3.420000,3.204041,1800,Training
2016-10-13,3.500000,3.840000,3.500000,3.580000,3.353937,8900,Training
2016-10-14,3.770000,3.780000,3.760000,3.780000,3.541308,1100,Training
2016-10-17,3.900000,4.650000,3.650000,3.750000,3.513203,14800,Training
2016-10-18,4.000000,4.650000,3.850000,4.050000,3.794259,8600,Training
2016-10-19,3.810000,4.050000,3.800000,3.950000,3.700573,3200,Training
2016-10-20,4.150000,4.150000,4.000000,4.000000,3.747416,3000,Training
2016-10-21,4.100000,4.100000,3.860000,3.860000,3.616256,1400,Training
2016-10-24,4.150000,4.150000,3.910000,4.150000,3.887944,6800,Training
2016-10-25,4.150000,4.300000,4.150000,4.250000,3.981630,4600,Training
2016-10-26,3.410000,4.300000,3.410000,4.150000,3.887944,3800,Training
2016-10-27,4.150000,4.150000,4.150000,4.150000,3.887944,0,Training
2016-10-28,4.150000,4.150000,4.150000,4.150000,3.887944,0,Training
2016-10-31,4.150000,4.250000,3.700000,4.050000,3.794259,4000,Training
2016-11-01,3.520000,3.950000,3.520000,3.850000,3.606888,2600,Training
2016-11-02,3.850000,3.850000,3.850000,3.850000,3.606888,0,Training
2016-11-03,3.600000,4.300000,3.600000,4.200000,3.934787,1800,Training
2016-11-04,3.800000,3.800000,3.800000,3.800000,3.560045,500,Training
2016-11-07,3.800000,3.800000,3.800000,3.800000,3.560045,0,Training
2016-11-08,3.850000,3.970000,3.850000,3.900000,3.653731,1100,Training
2016-11-09,4.350000,4.350000,3.800000,4.000000,3.747416,1100,Training
2016-11-10,3.600000,3.700000,3.450000,3.700000,3.466360,3300,Training
2016-11-11,3.600000,3.650000,3.500000,3.650000,3.419517,1200,Training
2016-11-14,3.690000,3.700000,3.660000,3.700000,3.466360,1000,Training
2016-11-15,3.700000,3.700000,3.700000,3.700000,3.466360,0,Training
2016-11-16,3.750000,3.810000,3.750000,3.810000,3.569414,4800,Training
2016-11-17,3.850000,3.850000,3.850000,3.850000,3.606888,200,Training
2016-11-18,3.650000,3.800000,3.650000,3.800000,3.560045,500,Training
2016-11-21,4.000000,4.000000,4.000000,4.000000,3.747416,600,Training
2016-11-22,4.000000,4.000000,3.750000,3.850000,3.606888,1000,Training
2016-11-23,3.700000,4.000000,3.700000,3.900000,3.653731,19000,Training
2016-11-25,3.900000,3.900000,3.900000,3.900000,3.653731,0,Training
2016-11-28,4.000000,4.000000,3.980000,4.000000,3.747416,1100,Training
2016-11-29,4.000000,4.000000,3.750000,3.750000,3.513203,800,Training
2016-11-30,4.000000,4.000000,4.000000,4.000000,3.747416,500,Training
2016-12-01,4.000000,4.000000,3.750000,3.760000,3.522571,4000,Training
2016-12-02,3.950000,3.950000,3.950000,3.950000,3.700573,500,Training
2016-12-05,3.950000,4.000000,3.750000,4.000000,3.747416,1700,Training
2016-12-06,3.950000,3.950000,3.850000,3.850000,3.606888,800,Training
2016-12-07,3.950000,4.000000,3.850000,4.000000,3.747416,1300,Training
2016-12-08,3.900000,4.000000,3.850000,3.850000,3.606888,1600,Training
2016-12-09,3.900000,4.000000,3.750000,3.950000,3.700573,1600,Training
2016-12-12,3.950000,3.950000,3.720000,3.720000,3.485097,2900,Training
2016-12-13,3.750000,3.900000,3.750000,3.900000,3.653731,1000,Training
2016-12-14,4.050000,4.050000,3.900000,3.950000,3.700573,8600,Training
2016-12-15,4.050000,4.050000,4.050000,4.050000,3.794259,600,Training
2016-12-16,3.950000,4.050000,3.900000,3.900000,3.653731,1100,Training
2016-12-19,3.950000,3.950000,3.860000,3.860000,3.616256,1000,Training
2016-12-20,4.050000,4.050000,3.990000,3.990000,3.738047,2000,Training
2016-12-21,4.050000,4.050000,3.800000,3.800000,3.560045,1400,Training
2016-12-22,3.950000,3.950000,3.670000,3.670000,3.438254,1200,Training
2016-12-23,3.980000,3.980000,3.980000,3.980000,3.728679,900,Training
2016-12-27,3.900000,3.900000,3.750000,3.750000,3.513203,1900,Training
2016-12-28,3.750000,3.800000,3.750000,3.800000,3.560045,500,Training
2016-12-29,3.950000,3.950000,3.930000,3.930000,3.681836,700,Training
2016-12-30,3.950000,4.200000,3.950000,4.100000,3.841101,50400,Training
2017-01-03,4.050000,4.200000,4.050000,4.100000,3.841101,9900,Training
2017-01-04,4.150000,4.200000,4.100000,4.100000,3.841101,4600,Training
2017-01-05,4.170000,4.170000,3.850000,3.850000,3.606888,7000,Training
2017-01-06,4.100000,4.100000,4.100000,4.100000,3.841101,1000,Training
2017-01-09,4.200000,4.350000,3.950000,3.950000,3.700573,6900,Training
2017-01-10,4.050000,4.050000,3.950000,4.050000,3.794259,4900,Training
2017-01-11,4.050000,4.050000,4.050000,4.050000,3.794259,0,Training
2017-01-12,3.900000,3.900000,3.850000,3.850000,3.606888,1800,Training
2017-01-13,4.050000,4.050000,3.950000,3.950000,3.700573,4800,Training
2017-01-17,4.000000,4.050000,3.950000,4.000000,3.747416,13200,Training
2017-01-18,3.950000,3.980000,3.950000,3.980000,3.728679,2100,Training
2017-01-19,4.050000,4.050000,4.000000,4.000000,3.747416,5400,Training
2017-01-20,3.930000,4.030000,3.750000,3.750000,3.513203,14400,Training
2017-01-23,3.850000,3.850000,3.850000,3.850000,3.606888,1300,Training
2017-01-24,3.850000,3.950000,3.850000,3.880000,3.634993,10900,Training
2017-01-25,3.880000,3.880000,3.880000,3.880000,3.634993,0,Training
2017-01-26,3.750000,3.750000,3.610000,3.650000,3.419517,9500,Training
2017-01-27,3.700000,3.700000,3.700000,3.700000,3.466360,2700,Training
2017-01-30,3.710000,3.750000,3.700000,3.700000,3.466360,4500,Training
2017-01-31,3.650000,3.750000,3.650000,3.750000,3.513203,3300,Training
2017-02-01,3.750000,3.810000,3.750000,3.800000,3.560045,2900,Training
2017-02-02,3.850000,3.850000,3.850000,3.850000,3.606888,500,Training
2017-02-03,3.850000,3.850000,3.850000,3.850000,3.606888,1400,Training
2017-02-06,3.850000,3.870000,3.650000,3.650000,3.419517,2300,Training
2017-02-07,3.660000,3.660000,3.660000,3.660000,3.428886,300,Training
2017-02-08,3.700000,3.700000,3.700000,3.700000,3.466360,300,Training
2017-02-09,3.700000,3.700000,3.700000,3.700000,3.466360,0,Training
2017-02-10,3.750000,4.000000,3.700000,3.750000,3.513203,4000,Training
2017-02-13,3.710000,3.710000,3.710000,3.710000,3.475728,200,Training
2017-02-14,3.740000,4.200000,3.700000,3.950000,3.700573,21700,Training
2017-02-15,3.850000,4.000000,3.850000,3.900000,3.653731,21900,Training
2017-02-16,3.750000,3.890000,3.700000,3.890000,3.644362,1500,Training
2017-02-17,3.750000,3.900000,3.750000,3.900000,3.653731,900,Training
2017-02-21,3.750000,3.950000,3.600000,3.630000,3.400780,8300,Training
2017-02-22,3.750000,3.900000,3.750000,3.800000,3.560045,2700,Training
2017-02-23,3.800000,3.800000,3.800000,3.800000,3.560045,0,Training
2017-02-24,3.800000,3.800000,3.800000,3.800000,3.560045,0,Training
2017-02-27,4.100000,4.100000,3.950000,4.000000,3.747416,6600,Training
2017-02-28,3.850000,3.850000,3.850000,3.850000,3.606888,400,Training
2017-03-01,3.900000,3.900000,3.750000,3.750000,3.513203,1500,Training
2017-03-02,3.750000,3.750000,3.700000,3.750000,3.513203,4600,Training
2017-03-03,3.750000,3.750000,3.750000,3.750000,3.513203,1300,Training
2017-03-06,3.750000,3.750000,3.400000,3.600000,3.372674,9200,Training
2017-03-07,3.700000,3.700000,3.700000,3.700000,3.466360,300,Training
2017-03-08,3.850000,3.850000,3.710000,3.800000,3.560045,1800,Training
2017-03-09,3.750000,3.750000,3.750000,3.750000,3.513203,400,Training
2017-03-10,3.700000,3.700000,3.700000,3.700000,3.466360,400,Training
2017-03-13,3.700000,3.750000,3.650000,3.650000,3.419517,2500,Training
2017-03-14,3.650000,3.650000,3.650000,3.650000,3.419517,0,Training
2017-03-15,3.950000,3.950000,3.860000,3.950000,3.700573,8100,Training
2017-03-16,3.950000,3.950000,3.950000,3.950000,3.700573,300,Training
2017-03-17,3.950000,4.000000,3.900000,4.000000,3.747416,2100,Training
2017-03-20,3.850000,3.850000,3.750000,3.750000,3.513203,900,Training
2017-03-21,3.950000,3.950000,3.900000,3.950000,3.700573,1700,Training
2017-03-22,3.800000,3.800000,3.700000,3.700000,3.466360,1400,Training
2017-03-23,3.660000,3.900000,3.660000,3.900000,3.653731,900,Training
2017-03-24,3.660000,3.900000,3.660000,3.900000,3.653731,2900,Training
2017-03-27,3.750000,3.750000,3.750000,3.750000,3.513203,500,Training
2017-03-28,3.800000,3.850000,3.700000,3.700000,3.466360,800,Training
2017-03-29,3.850000,3.850000,3.850000,3.850000,3.606888,2700,Training
2017-03-30,3.700000,4.000000,3.700000,4.000000,3.747416,3800,Training
2017-03-31,4.000000,4.030000,3.950000,4.000000,3.747416,8000,Training
2017-04-03,3.850000,3.850000,3.750000,3.750000,3.513203,1400,Training
2017-04-04,4.000000,4.000000,3.850000,3.850000,3.606888,2100,Training
2017-04-05,3.950000,3.950000,3.810000,3.850000,3.606888,1200,Training
2017-04-06,3.900000,4.000000,3.900000,3.900000,3.653731,3200,Training
2017-04-07,4.000000,4.000000,3.950000,3.980000,3.728679,3100,Training
2017-04-10,3.950000,4.000000,3.950000,3.980000,3.728679,1400,Training
2017-04-11,4.000000,4.030000,3.800000,3.800000,3.578026,5000,Training
2017-04-12,3.800000,4.000000,3.800000,3.800000,3.578026,1600,Training
2017-04-13,3.800000,3.800000,3.800000,3.800000,3.578026,600,Training
2017-04-17,3.700000,3.950000,3.700000,3.850000,3.625105,2700,Training
2017-04-18,3.700000,3.750000,3.700000,3.700000,3.483867,3900,Training
2017-04-19,3.700000,3.700000,3.700000,3.700000,3.483867,0,Training
2017-04-20,3.700000,3.950000,3.650000,3.800000,3.578026,3700,Training
2017-04-21,3.850000,3.850000,3.850000,3.850000,3.625105,1100,Training
2017-04-24,3.750000,3.750000,3.750000,3.750000,3.530946,400,Training
2017-04-25,3.750000,3.750000,3.750000,3.750000,3.530946,0,Training
2017-04-26,3.860000,3.860000,3.850000,3.850000,3.625105,1500,Training
2017-04-27,3.850000,3.850000,3.850000,3.850000,3.625105,0,Training
2017-04-28,3.900000,3.950000,3.900000,3.950000,3.719263,1000,Training
2017-05-01,3.880000,3.900000,3.650000,3.850000,3.625105,2800,Training
2017-05-02,3.650000,3.750000,3.650000,3.700000,3.483867,4800,Training
2017-05-03,3.700000,3.700000,3.700000,3.700000,3.483867,200,Training
2017-05-04,3.750000,3.750000,3.700000,3.730000,3.512114,6200,Training
2017-05-05,3.850000,3.850000,3.750000,3.800000,3.578026,900,Training
2017-05-08,3.800000,3.800000,3.800000,3.800000,3.578026,0,Training
2017-05-09,3.760000,3.760000,3.750000,3.750000,3.530946,800,Training
2017-05-10,3.750000,3.750000,3.750000,3.750000,3.530946,0,Training
2017-05-11,3.650000,3.700000,3.650000,3.650000,3.436788,2000,Training
2017-05-12,3.650000,3.650000,3.550000,3.550000,3.342629,500,Training
2017-05-15,3.600000,3.630000,3.550000,3.600000,3.389708,6800,Training
2017-05-16,3.730000,3.730000,3.700000,3.700000,3.483867,800,Training
2017-05-17,3.700000,3.700000,3.700000,3.700000,3.483867,0,Training
2017-05-18,3.700000,3.700000,3.700000,3.700000,3.483867,600,Training
2017-05-19,3.650000,3.750000,3.600000,3.750000,3.530946,5000,Training
2017-05-22,3.700000,3.750000,3.700000,3.700000,3.483867,1000,Training
2017-05-23,3.610000,3.700000,3.610000,3.700000,3.483867,900,Training
2017-05-24,3.700000,3.700000,3.700000,3.700000,3.483867,0,Training
2017-05-25,3.750000,3.750000,3.650000,3.750000,3.530946,2100,Training
2017-05-26,3.750000,3.800000,3.750000,3.800000,3.578026,1000,Training
2017-05-30,3.650000,3.800000,3.650000,3.800000,3.578026,1300,Training
2017-05-31,3.700000,3.800000,3.600000,3.600000,3.389708,5800,Training
2017-06-01,3.800000,3.800000,3.650000,3.650000,3.436788,4700,Training
2017-06-02,3.750000,3.800000,3.750000,3.800000,3.578026,700,Training
2017-06-05,3.780000,3.800000,3.750000,3.800000,3.578026,1700,Training
2017-06-06,3.800000,3.850000,3.760000,3.850000,3.625105,3600,Training
2017-06-07,3.830000,3.850000,3.820000,3.850000,3.625105,1200,Training
2017-06-08,3.850000,3.850000,3.850000,3.850000,3.625105,100,Training
2017-06-09,3.800000,3.800000,3.600000,3.650000,3.436788,6800,Training
2017-06-12,3.680000,3.800000,3.650000,3.800000,3.578026,1300,Training
2017-06-13,3.750000,3.800000,3.700000,3.800000,3.578026,2000,Training
2017-06-14,3.600000,3.700000,3.600000,3.700000,3.483867,2800,Training
2017-06-15,3.750000,3.750000,3.650000,3.650000,3.436788,1200,Training
2017-06-16,3.600000,3.700000,3.550000,3.650000,3.436788,5400,Training
2017-06-19,3.600000,3.700000,3.600000,3.650000,3.436788,1500,Training
2017-06-20,3.700000,3.700000,3.650000,3.650000,3.436788,900,Training
2017-06-21,3.700000,3.700000,3.700000,3.700000,3.483867,600,Training
2017-06-22,3.600000,3.750000,3.600000,3.700000,3.483867,2300,Training
2017-06-23,3.650000,3.750000,3.600000,3.650000,3.436788,1900,Training
2017-06-26,3.700000,3.700000,3.650000,3.700000,3.483867,1000,Training
2017-06-27,3.700000,3.750000,3.650000,3.700000,3.483867,1500,Training
2017-06-28,3.700000,3.700000,3.700000,3.700000,3.483867,0,Training
2017-06-29,3.750000,3.750000,3.680000,3.700000,3.483867,1200,Training
2017-06-30,3.500000,3.750000,3.500000,3.750000,3.530946,3900,Training
2017-07-03,3.750000,3.750000,3.750000,3.750000,3.530946,600,Training
2017-07-05,3.600000,3.730000,3.600000,3.730000,3.512114,1200,Training
2017-07-06,3.680000,3.750000,3.670000,3.700000,3.483867,1000,Training
2017-07-07,3.550000,3.750000,3.500000,3.600000,3.389708,5000,Training
2017-07-10,3.560000,3.600000,3.560000,3.600000,3.389708,800,Training
2017-07-11,3.700000,3.700000,3.550000,3.550000,3.342629,800,Training
2017-07-12,3.700000,3.700000,3.650000,3.650000,3.436788,3000,Training
2017-07-13,3.350000,3.650000,3.350000,3.650000,3.436788,2900,Training
2017-07-14,3.560000,3.650000,3.560000,3.650000,3.436788,1000,Training
2017-07-17,3.600000,3.600000,3.560000,3.560000,3.352045,700,Training
2017-07-18,3.550000,3.600000,3.550000,3.600000,3.389708,500,Training
2017-07-19,3.500000,3.650000,3.500000,3.650000,3.436788,400,Training
2017-07-20,3.600000,3.650000,3.550000,3.650000,3.436788,900,Training
2017-07-21,3.600000,3.600000,3.600000,3.600000,3.389708,1400,Training
2017-07-24,3.650000,3.650000,3.550000,3.650000,3.436788,1200,Training
2017-07-25,3.650000,3.650000,3.500000,3.500000,3.295549,3100,Training
2017-07-26,3.600000,3.650000,3.500000,3.600000,3.389708,1500,Training
2017-07-27,3.500000,3.650000,3.500000,3.600000,3.389708,900,Training
2017-07-28,3.600000,3.600000,3.600000,3.600000,3.389708,0,Training
2017-07-31,3.550000,3.650000,3.450000,3.550000,3.342629,3800,Training
2017-08-01,3.650000,3.650000,3.500000,3.500000,3.295549,500,Training
2017-08-02,3.600000,3.600000,3.600000,3.600000,3.389708,600,Training
2017-08-03,3.600000,3.600000,3.600000,3.600000,3.389708,0,Training
2017-08-04,3.600000,3.600000,3.600000,3.600000,3.389708,0,Training
2017-08-07,3.400000,3.600000,3.400000,3.550000,3.342629,600,Training
2017-08-08,3.510000,3.550000,3.510000,3.550000,3.342629,1600,Training
2017-08-09,3.530000,3.550000,3.400000,3.400000,3.201391,2300,Training
2017-08-10,3.550000,3.550000,3.350000,3.400000,3.201391,1500,Training
2017-08-11,3.500000,3.500000,3.200000,3.200000,3.013074,1000,Training
2017-08-14,3.400000,3.400000,3.250000,3.250000,3.060153,1200,Training
2017-08-15,3.350000,3.450000,3.350000,3.360000,3.163727,1700,Training
2017-08-16,3.350000,3.350000,3.350000,3.350000,3.154312,200,Training
2017-08-17,3.450000,3.450000,3.450000,3.450000,3.248470,100,Training
2017-08-18,3.450000,3.450000,3.450000,3.450000,3.248470,200,Training
2017-08-21,3.400000,3.450000,3.350000,3.350000,3.154312,500,Training
2017-08-22,3.450000,3.450000,3.350000,3.350000,3.154312,500,Training
2017-08-23,3.400000,3.400000,3.400000,3.400000,3.201391,400,Training
2017-08-24,3.400000,3.400000,3.310000,3.400000,3.201391,1900,Training
2017-08-25,3.400000,3.400000,3.390000,3.390000,3.191975,500,Training
2017-08-28,3.400000,3.400000,3.250000,3.250000,3.060153,2700,Training
2017-08-29,3.400000,3.400000,3.300000,3.300000,3.107232,4900,Training
2017-08-30,3.360000,3.400000,3.300000,3.300000,3.107232,1500,Training
2017-08-31,3.400000,3.400000,3.250000,3.250000,3.060153,7000,Training
2017-09-01,3.390000,3.400000,3.300000,3.300000,3.107232,2600,Training
2017-09-05,3.350000,3.450000,3.300000,3.400000,3.201391,4800,Training
2017-09-06,3.350000,3.450000,3.350000,3.450000,3.248470,1800,Training
2017-09-07,3.450000,3.450000,3.400000,3.450000,3.248470,4100,Training
2017-09-08,3.350000,3.450000,3.350000,3.450000,3.248470,1600,Training
2017-09-11,3.400000,3.400000,3.350000,3.400000,3.201391,1000,Training
2017-09-12,3.350000,3.400000,3.300000,3.400000,3.201391,1400,Training
2017-09-13,3.300000,3.300000,3.200000,3.300000,3.107232,2900,Training
2017-09-14,3.300000,3.350000,3.210000,3.300000,3.107232,3900,Training
2017-09-15,3.300000,3.300000,3.200000,3.250000,3.060153,2400,Training
2017-09-18,3.250000,3.300000,3.200000,3.300000,3.107232,6800,Training
2017-09-19,3.300000,3.300000,3.250000,3.250000,3.060153,1700,Training
2017-09-20,3.250000,3.300000,3.210000,3.300000,3.107232,2100,Training
2017-09-21,3.200000,3.300000,3.200000,3.200000,3.013074,2400,Training
2017-09-22,3.300000,3.300000,3.250000,3.300000,3.107232,1300,Training
2017-09-25,3.240000,3.250000,3.220000,3.250000,3.060153,1500,Training
2017-09-26,3.300000,3.300000,3.250000,3.250000,3.060153,1000,Training
2017-09-27,3.200000,3.200000,3.150000,3.200000,3.013074,2600,Training
2017-09-28,3.200000,3.200000,3.200000,3.200000,3.013074,1400,Training
2017-09-29,3.250000,3.250000,3.150000,3.250000,3.060153,5300,Training
2017-10-02,3.250000,3.350000,3.250000,3.300000,3.107232,11100,Training
2017-10-03,3.350000,3.350000,3.250000,3.250000,3.060153,4400,Training
2017-10-04,3.260000,3.350000,3.260000,3.350000,3.154312,4000,Training
2017-10-05,3.400000,3.450000,3.250000,3.400000,3.201391,13100,Training
2017-10-06,3.250000,3.400000,3.250000,3.400000,3.201391,900,Training
2017-10-09,3.400000,3.400000,3.400000,3.400000,3.201391,0,Training
2017-10-10,3.400000,3.400000,3.300000,3.340000,3.144896,2300,Training
2017-10-11,3.400000,3.400000,3.250000,3.300000,3.107232,2200,Training
2017-10-12,3.370000,3.450000,3.250000,3.250000,3.060153,5900,Training
2017-10-13,3.250000,3.400000,3.250000,3.400000,3.201391,1300,Training
2017-10-16,3.350000,3.400000,3.250000,3.300000,3.107232,2800,Training
2017-10-17,3.300000,3.300000,3.300000,3.300000,3.107232,0,Training
2017-10-18,3.400000,3.550000,3.250000,3.250000,3.060153,10500,Training
2017-10-19,3.250000,3.250000,3.250000,3.250000,3.060153,800,Training
2017-10-20,3.300000,3.350000,3.200000,3.350000,3.154312,2700,Training
2017-10-23,3.200000,3.450000,3.200000,3.250000,3.060153,9000,Training
2017-10-24,3.400000,3.400000,3.340000,3.400000,3.201391,1800,Training
2017-10-25,3.250000,3.250000,3.040000,3.100000,2.918915,12500,Training
2017-10-26,3.200000,3.250000,3.200000,3.250000,3.060153,700,Training
2017-10-27,3.250000,3.500000,3.250000,3.500000,3.295549,2700,Training
2017-10-30,3.500000,3.550000,3.500000,3.550000,3.342629,4100,Training
2017-10-31,3.550000,3.550000,3.550000,3.550000,3.342629,0,Training
2017-11-01,3.700000,3.800000,3.550000,3.800000,3.578026,9600,Training
2017-11-02,3.650000,3.650000,3.080000,3.650000,3.436788,4300,Training
2017-11-03,3.650000,3.650000,3.510000,3.600000,3.389708,1300,Training
2017-11-06,3.600000,3.650000,3.600000,3.600000,3.389708,8800,Training
2017-11-07,3.400000,3.400000,3.400000,3.400000,3.201391,200,Training
2017-11-08,3.650000,3.650000,3.450000,3.450000,3.248470,1400,Training
2017-11-09,3.500000,3.500000,3.500000,3.500000,3.295549,600,Training
2017-11-10,3.650000,3.650000,3.500000,3.500000,3.295549,1700,Training
2017-11-13,3.500000,3.500000,3.500000,3.500000,3.295549,0,Training
2017-11-14,3.650000,3.800000,3.550000,3.600000,3.389708,2300,Training
2017-11-15,3.800000,3.800000,3.650000,3.650000,3.436788,1000,Training
2017-11-16,3.550000,3.650000,3.550000,3.650000,3.436788,900,Training
2017-11-17,3.800000,3.800000,3.600000,3.600000,3.389708,1500,Training
2017-11-20,3.700000,3.800000,3.700000,3.790000,3.568609,3400,Training
2017-11-21,3.750000,3.800000,3.600000,3.600000,3.389708,1400,Training
2017-11-22,3.800000,3.800000,3.700000,3.700000,3.483867,1200,Training
2017-11-24,3.690000,3.700000,3.600000,3.700000,3.483867,1200,Training
2017-11-27,3.610000,3.700000,3.510000,3.600000,3.389708,7500,Training
2017-11-28,3.630000,3.630000,3.630000,3.630000,3.417956,600,Training
2017-11-29,3.700000,3.700000,3.690000,3.700000,3.483867,7400,Training
2017-11-30,3.760000,3.770000,3.600000,3.600000,3.389708,3300,Training
2017-12-01,3.660000,3.700000,3.500000,3.700000,3.483867,900,Training
2017-12-04,3.500000,3.600000,3.300000,3.600000,3.389708,1600,Training
2017-12-05,3.740000,3.740000,3.450000,3.500000,3.295549,2200,Training
2017-12-06,3.630000,3.630000,3.630000,3.630000,3.417956,35700,Training
2017-12-07,3.600000,3.600000,3.500000,3.500000,3.295549,3800,Training
2017-12-08,3.500000,3.500000,3.350000,3.450000,3.248470,2100,Training
2017-12-11,3.400000,3.450000,3.200000,3.350000,3.154312,10000,Training
2017-12-12,3.200000,3.350000,3.100000,3.100000,2.918915,20500,Training
2017-12-13,3.150000,3.200000,3.000000,3.150000,2.965995,13000,Training
2017-12-14,3.080000,3.450000,3.080000,3.400000,3.201391,5900,Training
2017-12-15,3.390000,3.600000,3.210000,3.550000,3.342629,10700,Training
2017-12-18,3.300000,3.700000,3.300000,3.700000,3.483867,8000,Training
2017-12-19,3.400000,3.750000,3.400000,3.750000,3.530946,5100,Training
2017-12-20,3.600000,3.700000,3.430000,3.450000,3.248470,3100,Training
2017-12-21,3.600000,4.000000,3.600000,3.850000,3.625105,6300,Training
2017-12-22,3.850000,3.850000,3.600000,3.850000,3.625105,5700,Training
2017-12-26,3.650000,3.650000,3.500000,3.600000,3.389708,6300,Training
2017-12-27,3.550000,3.550000,3.350000,3.350000,3.154312,3400,Training
2017-12-28,3.550000,3.550000,3.250000,3.250000,3.060153,9900,Training
2017-12-29,3.590000,3.590000,3.300000,3.400000,3.201391,2400,Training
2018-01-02,3.460000,3.460000,3.250000,3.250000,3.060153,2300,Training
2018-01-03,3.490000,3.490000,3.250000,3.350000,3.154312,24300,Training
2018-01-04,3.350000,3.400000,3.250000,3.250000,3.060153,2800,Training
2018-01-05,3.250000,3.650000,3.250000,3.650000,3.436788,7600,Training
2018-01-08,3.600000,3.600000,3.350000,3.350000,3.154312,12800,Training
2018-01-09,3.350000,3.440000,3.350000,3.400000,3.201391,2000,Training
2018-01-10,3.350000,3.350000,3.330000,3.350000,3.154312,1500,Training
2018-01-11,3.300000,3.350000,3.300000,3.350000,3.154312,1900,Training
2018-01-12,3.300000,3.350000,3.300000,3.350000,3.154312,3700,Training
2018-01-16,3.250000,3.350000,3.250000,3.300000,3.107232,5900,Training
2018-01-17,3.300000,3.350000,3.250000,3.350000,3.154312,2700,Training
2018-01-18,3.300000,3.350000,3.300000,3.350000,3.154312,2300,Training
2018-01-19,3.400000,3.500000,3.400000,3.490000,3.286134,2900,Training
2018-01-22,3.490000,3.500000,3.490000,3.500000,3.295549,3100,Training
2018-01-23,3.500000,3.500000,3.500000,3.500000,3.295549,1700,Training
2018-01-24,3.450000,3.450000,3.450000,3.450000,3.248470,1700,Training
2018-01-25,3.350000,3.600000,3.350000,3.600000,3.389708,400,Training
2018-01-26,3.600000,3.600000,3.600000,3.600000,3.389708,0,Training
2018-01-29,3.600000,3.850000,3.600000,3.800000,3.578026,8800,Training
2018-01-30,3.750000,3.750000,3.750000,3.750000,3.530946,1300,Training
2018-01-31,3.750000,3.750000,3.750000,3.750000,3.530946,0,Training
2018-02-01,3.750000,3.750000,3.750000,3.750000,3.530946,0,Training
2018-02-02,3.600000,3.600000,3.400000,3.400000,3.201391,1600,Training
2018-02-05,3.500000,3.500000,3.300000,3.300000,3.107232,8500,Training
2018-02-06,3.350000,3.350000,3.350000,3.350000,3.154312,600,Training
2018-02-07,3.350000,3.350000,3.350000,3.350000,3.154312,0,Training
2018-02-08,3.300000,3.300000,3.100000,3.100000,2.918915,7100,Training
2018-02-09,3.150000,3.150000,3.100000,3.100000,2.918915,700,Training
2018-02-12,3.250000,3.250000,3.250000,3.250000,3.060153,200,Training
2018-02-13,3.200000,3.300000,3.200000,3.250000,3.060153,1900,Training
2018-02-14,3.350000,3.350000,3.350000,3.350000,3.154312,200,Training
2018-02-15,3.350000,3.350000,3.350000,3.350000,3.154312,0,Training
2018-02-16,3.450000,3.900000,3.450000,3.500000,3.295549,7900,Training
2018-02-20,3.500000,3.500000,3.500000,3.500000,3.295549,0,Training
2018-02-21,3.450000,3.470000,3.400000,3.470000,3.267302,1300,Training
2018-02-22,3.470000,3.470000,3.470000,3.470000,3.267302,100,Training
2018-02-23,3.510000,3.510000,3.510000,3.510000,3.304965,500,Training
2018-02-26,3.600000,3.600000,3.600000,3.600000,3.389708,300,Training
2018-02-27,3.600000,3.600000,3.600000,3.600000,3.389708,0,Training
2018-02-28,3.500000,3.500000,3.300000,3.450000,3.248470,5300,Training
2018-03-01,3.350000,3.400000,3.350000,3.400000,3.201391,1100,Training
2018-03-02,3.400000,3.400000,3.400000,3.400000,3.201391,0,Training
2018-03-05,3.250000,3.350000,3.250000,3.350000,3.154312,2500,Training
2018-03-06,3.400000,3.400000,3.300000,3.300000,3.107232,2200,Training
2018-03-07,3.500000,3.500000,3.350000,3.350000,3.154312,2100,Training
2018-03-08,3.350000,3.350000,3.350000,3.350000,3.154312,0,Training
2018-03-09,3.360000,3.450000,3.350000,3.350000,3.154312,1500,Training
2018-03-12,3.430000,3.500000,3.350000,3.430000,3.229639,3300,Training
2018-03-13,3.350000,3.350000,3.250000,3.300000,3.107232,5700,Training
2018-03-14,3.300000,3.300000,3.250000,3.300000,3.107232,1900,Training
2018-03-15,3.300000,3.300000,3.210000,3.300000,3.107232,3600,Training
2018-03-16,3.210000,3.300000,3.200000,3.200000,3.013074,2800,Training
2018-03-19,3.200000,3.250000,3.150000,3.250000,3.060153,3000,Training
2018-03-20,3.250000,3.250000,3.250000,3.250000,3.060153,0,Training
2018-03-21,3.250000,3.250000,3.100000,3.250000,3.060153,1300,Training
2018-03-22,3.100000,3.250000,3.100000,3.100000,2.918915,700,Training
2018-03-23,3.130000,3.250000,3.100000,3.250000,3.060153,1100,Training
2018-03-26,3.250000,3.250000,3.250000,3.250000,3.060153,0,Training
2018-03-27,3.250000,3.250000,3.250000,3.250000,3.060153,0,Training
2018-03-28,3.300000,3.300000,3.100000,3.200000,3.013074,2300,Training
2018-03-29,3.100000,3.300000,3.100000,3.300000,3.107232,800,Training
2018-04-02,3.350000,3.350000,3.350000,3.350000,3.154312,600,Training
2018-04-03,3.150000,3.450000,3.150000,3.300000,3.107232,1800,Training
2018-04-04,3.440000,3.450000,3.220000,3.450000,3.248470,700,Training
2018-04-05,3.450000,3.450000,3.450000,3.450000,3.248470,0,Training
2018-04-06,3.440000,3.440000,3.350000,3.350000,3.154312,1000,Training
2018-04-09,3.370000,3.370000,3.150000,3.300000,3.107232,3300,Training
2018-04-10,3.250000,3.250000,3.250000,3.250000,3.060153,600,Training
2018-04-11,3.220000,3.350000,3.220000,3.270000,3.078985,700,Training
2018-04-12,3.240000,3.240000,3.200000,3.200000,3.031616,500,Training
2018-04-13,3.200000,3.200000,3.130000,3.150000,2.984247,4400,Training
2018-04-16,3.150000,3.150000,3.150000,3.150000,2.984247,1000,Training
2018-04-17,3.100000,3.100000,3.100000,3.100000,2.936878,2900,Training
2018-04-18,3.100000,3.120000,3.050000,3.100000,2.936878,7900,Training
2018-04-19,3.150000,3.150000,3.150000,3.150000,2.984247,400,Training
2018-04-20,3.120000,3.120000,3.120000,3.120000,2.955825,600,Training
2018-04-23,3.150000,3.250000,3.150000,3.250000,3.078985,1800,Training
2018-04-24,3.250000,3.250000,3.250000,3.250000,3.078985,0,Training
2018-04-25,3.110000,3.250000,3.110000,3.180000,3.012668,1000,Training
2018-04-26,3.300000,3.300000,3.210000,3.250000,3.078985,5100,Training
2018-04-27,3.150000,3.250000,3.050000,3.250000,3.078985,3000,Training
2018-04-30,3.250000,3.250000,3.250000,3.250000,3.078985,600,Training
2018-05-01,3.250000,3.250000,3.250000,3.250000,3.078985,0,Training
2018-05-02,3.180000,3.300000,3.180000,3.300000,3.126354,1800,Training
2018-05-03,3.300000,3.300000,3.300000,3.300000,3.126354,0,Training
2018-05-04,3.300000,3.300000,3.300000,3.300000,3.126354,0,Training
2018-05-07,3.100000,3.300000,3.100000,3.130000,2.965299,1700,Training
2018-05-08,3.250000,3.250000,3.150000,3.150000,2.984247,1200,Training
2018-05-09,3.100000,3.100000,3.100000,3.100000,2.936878,4400,Training
2018-05-10,3.100000,3.100000,3.100000,3.100000,2.936878,0,Training
2018-05-11,3.000000,3.000000,2.850000,3.000000,2.842140,30700,Training
2018-05-14,3.000000,3.000000,2.700000,2.750000,2.605295,4800,Training
2018-05-15,2.750000,2.950000,2.750000,2.850000,2.700033,23300,Training
2018-05-16,2.850000,2.850000,2.650000,2.750000,2.605295,12100,Training
2018-05-17,2.850000,2.850000,2.750000,2.750000,2.605295,1900,Training
2018-05-18,2.780000,2.780000,2.750000,2.750000,2.605295,1500,Training
2018-05-21,2.850000,2.850000,2.700000,2.700000,2.557926,1900,Training
2018-05-22,2.850000,2.850000,2.560000,2.650000,2.510557,3500,Training
2018-05-23,2.850000,2.850000,2.750000,2.750000,2.605295,2300,Training
2018-05-24,2.750000,2.750000,2.650000,2.650000,2.510557,2200,Training
2018-05-25,2.700000,2.700000,2.700000,2.700000,2.557926,1200,Training
2018-05-29,2.700000,2.700000,2.670000,2.700000,2.557926,1500,Training
2018-05-30,2.850000,2.950000,2.830000,2.850000,2.700033,2200,Training
2018-05-31,2.910000,2.950000,2.750000,2.950000,2.794771,3000,Training
2018-06-01,2.800000,2.950000,2.700000,2.900000,2.747402,4700,Training
2018-06-04,2.830000,2.900000,2.830000,2.900000,2.747402,1600,Training
2018-06-05,2.750000,2.950000,2.750000,2.900000,2.747402,2000,Training
2018-06-06,2.940000,2.940000,2.700000,2.700000,2.557926,3400,Training
2018-06-07,2.720000,2.850000,2.700000,2.750000,2.605295,5500,Training
2018-06-08,2.650000,2.750000,2.650000,2.650000,2.510557,3100,Training
2018-06-11,2.700000,2.700000,2.650000,2.650000,2.510557,2000,Training
2018-06-12,2.670000,2.700000,2.600000,2.600000,2.463187,6800,Training
2018-06-13,2.610000,2.880000,2.600000,2.750000,2.605295,15100,Training
2018-06-14,2.950000,2.950000,2.650000,2.700000,2.557926,4000,Training
2018-06-15,2.700000,2.750000,2.500000,2.500000,2.368450,9300,Training
2018-06-18,2.500000,2.700000,2.300000,2.500000,2.368450,4300,Training
2018-06-19,2.500000,2.550000,2.400000,2.400000,2.273712,2000,Training
2018-06-20,2.350000,2.540000,2.350000,2.450000,2.321081,2100,Training
2018-06-21,2.550000,2.700000,2.460000,2.460000,2.330555,2200,Training
2018-06-22,2.600000,2.600000,2.600000,2.600000,2.463187,1100,Training
2018-06-25,2.650000,2.650000,2.500000,2.500000,2.368450,1500,Training
2018-06-26,2.630000,2.650000,2.600000,2.600000,2.463187,10500,Training
2018-06-27,2.630000,2.700000,2.500000,2.500000,2.368450,5400,Training
2018-06-28,2.500000,2.500000,2.500000,2.500000,2.368450,0,Training
2018-06-29,2.400000,2.700000,2.400000,2.700000,2.557926,5000,Training
2018-07-02,2.750000,2.750000,2.400000,2.550000,2.415819,10000,Training
2018-07-03,2.650000,2.650000,2.550000,2.550000,2.415819,1600,Training
2018-07-05,2.580000,2.580000,2.580000,2.580000,2.444240,1200,Training
2018-07-06,2.600000,2.660000,2.450000,2.450000,2.321081,6800,Training
2018-07-09,2.600000,2.600000,2.350000,2.350000,2.226343,11400,Training
2018-07-10,2.400000,2.450000,2.400000,2.450000,2.321081,5400,Training
2018-07-11,2.500000,2.500000,2.450000,2.450000,2.321081,2100,Training
2018-07-12,2.420000,2.420000,2.420000,2.420000,2.292660,300,Training
2018-07-13,2.400000,2.400000,2.350000,2.390000,2.264238,1100,Training
2018-07-16,2.440000,2.440000,2.430000,2.430000,2.302134,700,Training
2018-07-17,2.380000,2.700000,2.380000,2.700000,2.557926,9900,Training
2018-07-18,2.550000,2.700000,2.450000,2.650000,2.510557,8300,Training
2018-07-19,2.550000,2.550000,2.550000,2.550000,2.415819,200,Training
2018-07-20,2.600000,2.600000,2.500000,2.600000,2.463187,5000,Training
2018-07-23,2.500000,2.630000,2.500000,2.560000,2.425292,6800,Training
2018-07-24,2.600000,2.600000,2.500000,2.600000,2.463187,5700,Training
2018-07-25,2.400000,2.400000,2.400000,2.400000,2.273712,1000,Training
2018-07-26,2.350000,2.400000,2.350000,2.400000,2.273712,2800,Training
2018-07-27,2.600000,2.600000,2.550000,2.550000,2.415819,1400,Training
2018-07-30,2.550000,2.550000,2.350000,2.480000,2.349502,1500,Training
2018-07-31,2.450000,2.600000,2.320000,2.600000,2.463187,1800,Training
2018-08-01,2.600000,2.600000,2.600000,2.600000,2.463187,0,Training
2018-08-02,2.360000,2.650000,2.360000,2.650000,2.510557,900,Training
2018-08-03,2.650000,2.650000,2.650000,2.650000,2.510557,0,Training
2018-08-06,2.650000,2.650000,2.650000,2.650000,2.510557,0,Training
2018-08-07,2.360000,2.600000,2.200000,2.500000,2.368450,9300,Training
2018-08-08,2.500000,2.500000,2.500000,2.500000,2.368450,500,Training
2018-08-09,2.500000,2.500000,2.500000,2.500000,2.368450,100,Training
2018-08-10,2.550000,2.600000,2.550000,2.550000,2.415819,2300,Training
2018-08-13,2.400000,2.650000,2.400000,2.400000,2.273712,1400,Training
2018-08-14,2.650000,2.900000,2.400000,2.400000,2.273712,17200,Training
2018-08-15,2.850000,2.850000,2.800000,2.800000,2.652664,1100,Training
2018-08-16,2.830000,2.830000,2.570000,2.650000,2.510557,1400,Training
2018-08-17,2.650000,2.650000,2.650000,2.650000,2.510557,0,Training
2018-08-20,2.450000,2.700000,2.300000,2.550000,2.415819,4900,Training
2018-08-21,2.680000,2.680000,2.450000,2.550000,2.415819,2200,Training
2018-08-22,2.650000,2.650000,2.650000,2.650000,2.510557,700,Training
2018-08-23,2.600000,2.600000,2.600000,2.600000,2.463187,700,Training
2018-08-24,2.600000,2.700000,2.600000,2.700000,2.557926,900,Training
2018-08-27,2.500000,2.600000,2.500000,2.500000,2.368450,2700,Training
2018-08-28,2.500000,2.500000,2.500000,2.500000,2.368450,1000,Training
2018-08-29,2.400000,2.450000,2.350000,2.450000,2.321081,5800,Training
2018-08-30,2.540000,2.550000,2.540000,2.550000,2.415819,1200,Training
2018-08-31,2.750000,2.750000,2.750000,2.750000,2.605295,1000,Training
2018-09-04,3.200000,3.200000,2.660000,2.850000,2.700033,9200,Training
2018-09-05,3.000000,3.150000,2.750000,2.850000,2.700033,5400,Training
2018-09-06,2.850000,2.850000,2.850000,2.850000,2.700033,0,Training
2018-09-07,2.900000,2.980000,2.800000,2.980000,2.823193,5800,Training
2018-09-10,3.050000,3.050000,2.950000,3.030000,2.870561,6400,Training
2018-09-11,2.950000,3.030000,2.850000,2.850000,2.700033,4100,Training
2018-09-12,2.750000,3.000000,2.750000,3.000000,2.842140,1600,Training
2018-09-13,2.950000,3.000000,2.600000,3.000000,2.842140,2700,Training
2018-09-14,2.880000,3.000000,2.600000,2.900000,2.747402,3100,Training
2018-09-17,2.650000,3.000000,2.450000,3.000000,2.842140,11300,Training
2018-09-18,2.950000,2.950000,2.950000,2.950000,2.794771,900,Training
2018-09-19,2.600000,2.900000,2.600000,2.900000,2.747402,1200,Training
2018-09-20,2.900000,2.930000,2.480000,2.750000,2.605295,20300,Training
2018-09-21,2.700000,2.700000,2.350000,2.600000,2.463187,9900,Training
2018-09-24,2.400000,2.650000,2.400000,2.650000,2.510557,3600,Training
2018-09-25,2.590000,2.590000,2.350000,2.550000,2.415819,1400,Training
2018-09-26,2.420000,2.600000,2.300000,2.600000,2.463187,3600,Training
2018-09-27,2.580000,2.580000,2.300000,2.500000,2.368450,9800,Training
2018-09-28,2.550000,2.550000,2.500000,2.500000,2.368450,4600,Training
2018-10-01,2.550000,2.600000,2.400000,2.600000,2.463187,2400,Training
2018-10-02,2.700000,2.700000,2.450000,2.450000,2.321081,5900,Training
2018-10-03,2.570000,2.700000,2.570000,2.610000,2.472662,1500,Training
2018-10-04,2.600000,2.600000,2.310000,2.500000,2.368450,5600,Training
2018-10-05,2.500000,2.500000,2.500000,2.500000,2.368450,0,Training
2018-10-08,2.740000,2.740000,2.370000,2.550000,2.415819,3300,Training
2018-10-09,2.680000,2.780000,2.450000,2.710000,2.567400,1600,Training
2018-10-10,2.680000,2.680000,2.570000,2.600000,2.463187,2900,Training
2018-10-11,2.660000,2.790000,2.660000,2.770000,2.624242,2300,Training
2018-10-12,2.740000,2.980000,2.550000,2.750000,2.605295,18000,Training
2018-10-15,2.780000,2.950000,2.780000,2.900000,2.747402,2300,Training
2018-10-16,2.900000,2.950000,2.670000,2.880000,2.728455,7700,Training
2018-10-17,2.950000,2.950000,2.930000,2.950000,2.794771,2200,Training
2018-10-18,2.750000,2.970000,2.510000,2.950000,2.794771,7700,Training
2018-10-19,2.800000,2.950000,2.800000,2.800000,2.652664,2000,Training
2018-10-22,2.680000,2.790000,2.670000,2.790000,2.643190,2700,Training
2018-10-23,2.790000,2.900000,2.670000,2.750000,2.605295,2900,Training
2018-10-24,2.750000,2.990000,2.680000,2.970000,2.813719,3200,Training
2018-10-25,2.980000,2.980000,2.940000,2.970000,2.813719,4100,Training
2018-10-26,2.940000,2.940000,2.720000,2.930000,2.775824,1800,Training
2018-10-29,2.940000,2.940000,2.710000,2.710000,2.567400,1300,Training
2018-10-30,2.720000,3.100000,2.720000,3.100000,2.936878,3000,Training
2018-10-31,3.050000,3.050000,2.730000,2.800000,2.652664,5100,Training
2018-11-01,2.670000,2.940000,2.670000,2.710000,2.567400,3400,Training
2018-11-02,2.740000,3.100000,2.740000,3.100000,2.936878,3100,Training
2018-11-05,3.100000,3.100000,3.000000,3.100000,2.936878,1300,Training
2018-11-06,3.220000,3.600000,2.960000,3.100000,2.936878,25200,Training
2018-11-07,3.140000,3.570000,2.910000,3.500000,3.315830,10000,Training
2018-11-08,3.180000,3.600000,3.180000,3.600000,3.410568,3800,Training
2018-11-09,3.800000,3.800000,3.220000,3.220000,3.050564,3700,Training
2018-11-12,3.290000,3.420000,3.100000,3.420000,3.240040,5600,Training
2018-11-13,3.110000,3.280000,2.960000,3.200000,3.031616,6600,Training
2018-11-14,3.170000,3.170000,2.840000,2.840000,2.690559,7000,Training
2018-11-15,2.980000,2.980000,2.980000,2.980000,2.823193,400,Training
2018-11-16,2.810000,3.030000,2.810000,3.030000,2.870561,600,Training
2018-11-19,2.930000,3.050000,2.930000,3.050000,2.889509,2800,Training
2018-11-20,3.070000,3.130000,3.020000,3.100000,2.936878,9300,Training
2018-11-21,3.080000,3.090000,2.830000,2.830000,2.681085,1900,Training
2018-11-23,2.850000,3.030000,2.850000,2.940000,2.785297,1700,Training
2018-11-26,2.940000,3.110000,2.660000,2.850000,2.700033,28100,Training
2018-11-27,2.800000,2.890000,2.610000,2.820000,2.671611,3200,Training
2018-11-28,2.810000,2.850000,2.810000,2.850000,2.700033,2400,Training
2018-11-29,2.760000,2.860000,2.760000,2.860000,2.709507,1500,Training
2018-11-30,2.850000,2.880000,2.610000,2.830000,2.681085,6200,Training
2018-12-03,2.860000,2.860000,2.660000,2.660000,2.520031,1300,Training
2018-12-04,2.660000,2.690000,2.650000,2.680000,2.538979,2100,Training
2018-12-06,2.680000,2.680000,2.670000,2.680000,2.538979,2600,Training
2018-12-07,2.520000,2.520000,2.420000,2.420000,2.292660,1800,Training
2018-12-10,2.340000,2.420000,2.340000,2.420000,2.292660,3100,Training
2018-12-11,2.370000,2.420000,2.360000,2.420000,2.292660,1700,Training
2018-12-12,2.410000,2.410000,2.350000,2.350000,2.226343,700,Training
2018-12-13,2.410000,2.410000,2.350000,2.350000,2.226343,1800,Training
2018-12-14,2.400000,2.400000,2.400000,2.400000,2.273712,300,Training
2018-12-17,2.400000,2.420000,2.380000,2.420000,2.292660,8800,Training
2018-12-18,2.400000,2.420000,2.330000,2.420000,2.292660,7100,Training
2018-12-19,2.340000,2.390000,2.330000,2.330000,2.207395,3300,Training
2018-12-20,2.330000,2.330000,2.330000,2.330000,2.207395,200,Training
2018-12-21,2.340000,2.340000,2.330000,2.330000,2.207395,4100,Training
2018-12-24,2.370000,2.370000,2.240000,2.370000,2.245291,1300,Training
2018-12-26,2.380000,2.380000,2.240000,2.240000,2.122131,1300,Training
2018-12-27,2.340000,2.370000,2.340000,2.370000,2.245291,1900,Training
2018-12-28,2.250000,2.380000,2.250000,2.380000,2.254765,1500,Training
2018-12-31,2.400000,2.420000,2.390000,2.410000,2.283186,5900,Training
2019-01-02,2.430000,2.490000,2.430000,2.490000,2.358976,1800,Training
2019-01-03,2.510000,2.720000,2.500000,2.650000,2.510557,6900,Training
2019-01-04,2.650000,3.060000,2.650000,2.950000,2.794771,1300,Training
2019-01-07,2.410000,3.060000,2.410000,2.770000,2.624242,2600,Training
2019-01-08,2.890000,2.890000,2.430000,2.650000,2.510557,6200,Training
2019-01-09,2.790000,2.790000,2.790000,2.790000,2.643190,800,Training
2019-01-10,2.430000,2.450000,2.430000,2.450000,2.321081,600,Training
2019-01-11,2.600000,2.600000,2.600000,2.600000,2.463187,1800,Training
2019-01-14,2.570000,2.570000,2.440000,2.490000,2.358976,6300,Training
2019-01-15,2.550000,2.670000,2.460000,2.670000,2.529505,8800,Training
2019-01-16,2.520000,2.520000,2.500000,2.500000,2.368450,1900,Training
2019-01-17,2.620000,2.670000,2.440000,2.500000,2.368450,6000,Training
2019-01-18,2.460000,2.820000,2.460000,2.730000,2.586347,3100,Training
2019-01-22,2.600000,2.600000,2.510000,2.510000,2.377924,1600,Training
2019-01-23,2.510000,2.510000,2.510000,2.510000,2.377924,100,Training
2019-01-24,2.700000,2.820000,2.580000,2.820000,2.671611,3800,Training
2019-01-25,2.550000,2.680000,2.530000,2.660000,2.520031,5900,Training
2019-01-28,2.660000,2.660000,2.660000,2.660000,2.520031,100,Training
2019-01-29,2.660000,2.660000,2.660000,2.660000,2.520031,200,Training
2019-01-30,2.500000,2.560000,2.500000,2.530000,2.396871,4500,Training
2019-01-31,2.650000,2.700000,2.650000,2.700000,2.557926,6600,Training
2019-02-01,2.650000,2.650000,2.650000,2.650000,2.510557,2100,Training
2019-02-04,2.850000,2.850000,2.800000,2.800000,2.652664,3100,Training
2019-02-05,2.800000,2.800000,2.800000,2.800000,2.652664,100,Training
2019-02-06,2.550000,2.550000,2.550000,2.550000,2.415819,700,Training
2019-02-07,2.560000,2.800000,2.560000,2.680000,2.538979,12700,Training
2019-02-08,2.680000,2.680000,2.680000,2.680000,2.538979,200,Training
2019-02-11,2.700000,2.700000,2.580000,2.580000,2.444240,2400,Training
2019-02-12,2.580000,2.580000,2.580000,2.580000,2.444240,100,Training
2019-02-13,2.580000,2.600000,2.580000,2.600000,2.463187,2300,Training
2019-02-14,2.740000,2.740000,2.730000,2.730000,2.586347,2900,Training
2019-02-15,2.730000,2.730000,2.730000,2.730000,2.586347,300,Training
2019-02-19,2.730000,2.730000,2.730000,2.730000,2.586347,200,Training
2019-02-20,2.620000,2.750000,2.580000,2.630000,2.491610,6000,Training
2019-02-21,2.630000,2.630000,2.630000,2.630000,2.491610,100,Training
2019-02-22,2.670000,2.850000,2.670000,2.850000,2.700033,4200,Training
2019-02-25,2.910000,2.910000,2.790000,2.790000,2.643190,1200,Training
2019-02-26,2.790000,2.800000,2.790000,2.800000,2.652664,1000,Training
2019-02-27,2.800000,2.800000,2.800000,2.800000,2.652664,100,Training
2019-02-28,2.890000,2.890000,2.890000,2.890000,2.737928,2200,Training
2019-03-01,2.850000,2.870000,2.810000,2.860000,2.709507,5000,Training
2019-03-04,2.850000,2.870000,2.850000,2.850000,2.700033,8400,Training
2019-03-05,2.850000,2.850000,2.850000,2.850000,2.700033,200,Training
2019-03-06,2.850000,2.850000,2.850000,2.850000,2.700033,100,Training
2019-03-07,2.700000,2.720000,2.660000,2.660000,2.520031,1500,Training
2019-03-08,2.510000,2.690000,2.510000,2.580000,2.444240,12600,Training
2019-03-11,2.520000,2.520000,2.520000,2.520000,2.387398,1100,Training
2019-03-12,2.520000,2.530000,2.520000,2.520000,2.387398,1700,Training
2019-03-13,2.510000,2.710000,2.310000,2.700000,2.557926,5800,Training
2019-03-14,2.700000,2.700000,2.700000,2.700000,2.557926,200,Training
2019-03-15,2.700000,2.920000,2.700000,2.920000,2.766350,9200,Training
2019-03-18,2.920000,2.920000,2.920000,2.920000,2.766350,100,Training
2019-03-19,2.840000,2.870000,2.810000,2.830000,2.681085,2000,Training
2019-03-20,2.900000,2.900000,2.900000,2.900000,2.747402,1300,Training
2019-03-21,2.910000,2.920000,2.890000,2.890000,2.737928,1000,Training
2019-03-22,2.650000,2.650000,2.650000,2.650000,2.510557,100,Training
2019-03-25,2.640000,2.640000,2.640000,2.640000,2.501083,100,Training
2019-03-26,2.580000,2.680000,2.550000,2.560000,2.425292,3200,Training
2019-03-27,2.600000,2.600000,2.590000,2.590000,2.453714,1700,Training
2019-03-28,2.520000,2.520000,2.520000,2.520000,2.387398,400,Training
2019-03-29,2.600000,2.600000,2.550000,2.550000,2.415819,1200,Training
2019-04-01,2.600000,2.610000,2.600000,2.610000,2.472662,5700,Training
2019-04-02,2.580000,2.700000,2.540000,2.590000,2.453714,20000,Training
2019-04-03,2.590000,2.710000,2.460000,2.590000,2.453714,20900,Training
2019-04-04,2.610000,2.660000,2.560000,2.650000,2.510557,6200,Training
2019-04-05,2.650000,2.650000,2.650000,2.650000,2.510557,0,Training
2019-04-08,2.640000,2.640000,2.520000,2.520000,2.387398,3200,Training
2019-04-09,2.580000,2.580000,2.350000,2.350000,2.244153,9500,Training
2019-04-10,2.350000,2.500000,2.350000,2.480000,2.368298,10000,Training
2019-04-11,2.470000,2.470000,2.380000,2.410000,2.301451,1800,Training
2019-04-12,2.310000,2.320000,2.300000,2.320000,2.215505,1900,Training
2019-04-15,2.310000,2.310000,2.310000,2.310000,2.205955,3500,Training
2019-04-16,2.450000,2.450000,2.440000,2.440000,2.330100,3100,Training
2019-04-17,2.450000,2.470000,2.390000,2.390000,2.282352,2600,Training
2019-04-18,2.450000,2.450000,2.450000,2.450000,2.339649,1800,Training
2019-04-22,2.500000,2.580000,2.500000,2.570000,2.454244,2900,Training
2019-04-23,2.690000,2.690000,2.690000,2.690000,2.568840,1200,Training
2019-04-24,2.500000,2.500000,2.430000,2.430000,2.320550,5100,Training
2019-04-25,2.440000,2.590000,2.440000,2.490000,2.377848,2700,Training
2019-04-26,2.490000,2.490000,2.490000,2.490000,2.377848,300,Training
2019-04-29,2.360000,2.360000,2.360000,2.360000,2.253703,200,Training
2019-04-30,2.450000,2.460000,2.450000,2.460000,2.349199,1500,Training
2019-05-01,2.460000,2.460000,2.460000,2.460000,2.349199,100,Training
2019-05-02,2.530000,2.540000,2.470000,2.520000,2.406497,2500,Training
2019-05-03,2.520000,2.520000,2.520000,2.520000,2.406497,100,Training
2019-05-06,2.510000,2.540000,2.420000,2.470000,2.358749,6300,Training
2019-05-07,2.350000,2.350000,2.350000,2.350000,2.244153,500,Training
2019-05-08,2.460000,2.460000,2.350000,2.350000,2.244153,1300,Training
2019-05-09,2.350000,2.350000,2.350000,2.350000,2.244153,0,Training
2019-05-10,2.510000,2.510000,2.480000,2.490000,2.377848,1100,Training
2019-05-13,2.450000,2.450000,2.450000,2.450000,2.339649,100,Training
2019-05-14,2.450000,2.450000,2.450000,2.450000,2.339649,100,Training
2019-05-15,2.450000,2.450000,2.450000,2.450000,2.339649,100,Training
2019-05-16,2.450000,2.450000,2.330000,2.330000,2.225055,1400,Training
2019-05-17,2.330000,2.330000,2.330000,2.330000,2.225055,0,Training
2019-05-20,2.330000,2.330000,2.330000,2.330000,2.225055,100,Training
2019-05-21,2.280000,2.510000,2.260000,2.260000,2.158207,15600,Training
2019-05-22,2.240000,2.460000,2.240000,2.460000,2.349199,1100,Training
2019-05-23,2.460000,2.460000,2.460000,2.460000,2.349199,100,Training
2019-05-24,2.420000,2.510000,2.420000,2.510000,2.396947,700,Training
2019-05-28,2.440000,2.440000,2.440000,2.440000,2.330100,100,Training
2019-05-29,2.440000,2.440000,2.440000,2.440000,2.330100,0,Training
2019-05-30,2.440000,2.440000,2.440000,2.440000,2.330100,100,Training
2019-05-31,2.500000,2.500000,2.450000,2.450000,2.339649,800,Training
2019-06-03,2.450000,2.450000,2.290000,2.370000,2.263253,800,Training
2019-06-04,2.370000,2.370000,2.370000,2.370000,2.263253,100,Training
2019-06-05,2.370000,2.370000,2.370000,2.370000,2.263253,100,Training
2019-06-06,2.410000,2.450000,2.410000,2.450000,2.339649,300,Training
2019-06-07,2.450000,2.450000,2.450000,2.450000,2.339649,500,Training
2019-06-10,2.320000,2.450000,2.320000,2.450000,2.339649,600,Training
2019-06-11,2.320000,2.450000,2.300000,2.450000,2.339649,3100,Training
2019-06-12,2.390000,2.440000,2.390000,2.440000,2.330100,1200,Training
2019-06-13,2.440000,2.440000,2.440000,2.440000,2.330100,0,Training
2019-06-14,2.250000,2.410000,2.200000,2.230000,2.129559,6200,Training
2019-06-17,2.330000,2.390000,2.330000,2.390000,2.282352,1000,Training
2019-06-18,2.460000,2.460000,2.240000,2.450000,2.339649,6200,Training
2019-06-19,2.480000,2.480000,2.440000,2.480000,2.368298,2500,Training
2019-06-20,2.470000,2.480000,2.470000,2.480000,2.368298,1500,Training
2019-06-21,2.510000,2.510000,2.510000,2.510000,2.396947,1200,Training
2019-06-24,2.340000,2.510000,2.340000,2.510000,2.396947,600,Training
2019-06-25,2.510000,2.510000,2.490000,2.490000,2.377848,400,Training
2019-06-26,2.490000,2.490000,2.490000,2.490000,2.377848,100,Training
2019-06-27,2.490000,2.530000,2.490000,2.510000,2.396947,1800,Training
2019-06-28,2.450000,2.490000,2.450000,2.450000,2.339649,600,Training
2019-07-01,2.430000,2.430000,2.400000,2.400000,2.291902,500,Training
2019-07-02,2.320000,2.390000,2.320000,2.370000,2.263253,2400,Training
2019-07-03,2.480000,2.480000,2.370000,2.370000,2.263253,1300,Training
2019-07-05,2.270000,2.400000,2.270000,2.390000,2.282352,3200,Training
2019-07-08,2.440000,2.440000,2.410000,2.410000,2.301451,500,Training
2019-07-09,2.410000,2.410000,2.410000,2.410000,2.301451,0,Training
2019-07-10,2.340000,2.410000,2.260000,2.290000,2.186856,2400,Training
2019-07-11,2.350000,2.350000,2.290000,2.290000,2.186856,900,Training
2019-07-12,2.390000,2.390000,2.290000,2.290000,2.186856,1300,Training
2019-07-15,2.290000,2.310000,2.290000,2.300000,2.196406,1700,Training
2019-07-16,2.250000,2.380000,2.250000,2.360000,2.253703,1700,Training
2019-07-17,2.400000,2.410000,2.400000,2.410000,2.301451,400,Training
2019-07-18,2.410000,2.410000,2.410000,2.410000,2.301451,100,Training
2019-07-19,2.410000,2.410000,2.410000,2.410000,2.301451,100,Training
2019-07-22,2.430000,2.480000,2.430000,2.480000,2.368298,1500,Training
2019-07-23,2.470000,2.480000,2.460000,2.480000,2.368298,1700,Training
2019-07-24,2.310000,2.310000,2.310000,2.310000,2.205955,500,Training
2019-07-25,2.310000,2.310000,2.310000,2.310000,2.205955,0,Training
2019-07-26,2.380000,2.380000,2.310000,2.310000,2.205955,700,Training
2019-07-29,2.490000,2.490000,2.360000,2.480000,2.368298,700,Training
2019-07-30,2.410000,2.480000,2.350000,2.360000,2.253703,3200,Training
2019-07-31,2.480000,2.480000,2.350000,2.350000,2.244153,2400,Training
2019-08-01,2.350000,2.350000,2.350000,2.350000,2.244153,900,Training
2019-08-02,2.350000,2.350000,2.350000,2.350000,2.244153,800,Training
2019-08-05,2.230000,2.350000,2.230000,2.350000,2.244153,1200,Training
2019-08-06,2.320000,2.390000,2.120000,2.230000,2.129559,8600,Training
2019-08-07,2.370000,2.440000,2.370000,2.410000,2.301451,1000,Training
2019-08-08,2.470000,2.470000,2.420000,2.420000,2.311001,800,Training
2019-08-09,2.250000,2.420000,2.250000,2.400000,2.291902,1200,Training
2019-08-12,2.450000,2.470000,2.450000,2.470000,2.358749,300,Training
2019-08-13,2.470000,2.490000,2.450000,2.450000,2.339649,1400,Training
2019-08-14,2.250000,2.390000,2.250000,2.340000,2.234604,1500,Training
2019-08-15,2.390000,2.410000,2.390000,2.410000,2.301451,400,Training
2019-08-16,2.410000,2.410000,2.410000,2.410000,2.301451,0,Training
2019-08-19,2.400000,2.400000,2.400000,2.400000,2.291902,300,Training
2019-08-20,2.400000,2.500000,2.360000,2.430000,2.320550,13800,Training
2019-08-21,2.380000,2.590000,2.380000,2.590000,2.473344,16300,Training
2019-08-22,2.650000,2.650000,2.650000,2.650000,2.530642,600,Training
2019-08-23,2.690000,2.800000,2.590000,2.800000,2.673885,3500,Training
2019-08-26,2.720000,2.730000,2.600000,2.730000,2.607038,4300,Training
2019-08-27,2.750000,2.790000,2.660000,2.660000,2.540191,1600,Training
2019-08-28,2.770000,2.780000,2.570000,2.570000,2.454244,1700,Training
2019-08-29,2.560000,2.840000,2.560000,2.720000,2.597488,5400,Training
2019-08-30,2.570000,2.750000,2.460000,2.520000,2.406497,10100,Training
2019-09-03,2.410000,2.650000,2.410000,2.610000,2.492443,3400,Training
2019-09-04,2.850000,2.850000,2.700000,2.700000,2.578389,300,Training
2019-09-05,2.700000,2.700000,2.700000,2.700000,2.578389,0,Training
2019-09-06,2.750000,2.750000,2.750000,2.750000,2.626137,400,Training
2019-09-09,2.750000,2.750000,2.750000,2.750000,2.626137,0,Training
2019-09-10,2.750000,2.750000,2.750000,2.750000,2.626137,0,Training
2019-09-11,2.550000,2.550000,2.550000,2.550000,2.435145,100,Training
2019-09-12,2.820000,2.820000,2.740000,2.740000,2.616587,1000,Training
2019-09-13,2.740000,2.740000,2.680000,2.740000,2.616587,2200,Training
2019-09-16,2.740000,2.740000,2.550000,2.730000,2.607038,3100,Training
2019-09-17,2.740000,2.740000,2.650000,2.740000,2.616587,1900,Training
2019-09-18,2.740000,2.840000,2.700000,2.840000,2.712084,3100,Training
2019-09-19,2.760000,2.910000,2.610000,2.660000,2.540191,3600,Training
2019-09-20,2.950000,2.950000,2.510000,2.510000,2.396947,7100,Training
2019-09-23,2.690000,2.750000,2.680000,2.740000,2.616587,2600,Training
2019-09-24,2.700000,2.740000,2.630000,2.660000,2.540191,1900,Training
2019-09-25,2.630000,2.780000,2.630000,2.770000,2.645236,1000,Training
2019-09-26,2.770000,2.770000,2.770000,2.770000,2.645236,100,Training
2019-09-27,2.770000,2.770000,2.770000,2.770000,2.645236,100,Training
2019-09-30,2.770000,2.770000,2.770000,2.770000,2.645236,100,Training
2019-10-01,2.620000,2.620000,2.620000,2.620000,2.501992,700,Training
2019-10-02,2.600000,2.720000,2.520000,2.520000,2.406497,1900,Training
2019-10-03,2.520000,2.520000,2.520000,2.520000,2.406497,300,Training
2019-10-04,2.650000,2.650000,2.510000,2.510000,2.396947,4300,Training
2019-10-07,2.510000,2.570000,2.500000,2.500000,2.387398,2000,Training
2019-10-08,2.500000,2.520000,2.500000,2.520000,2.406497,1900,Training
2019-10-09,2.520000,2.520000,2.520000,2.520000,2.406497,100,Training
2019-10-10,2.500000,2.500000,2.500000,2.500000,2.387398,200,Training
2019-10-11,2.530000,2.550000,2.530000,2.550000,2.435145,1300,Training
2019-10-14,2.500000,2.500000,2.500000,2.500000,2.387398,1600,Training
2019-10-15,2.360000,2.430000,2.310000,2.400000,2.291902,6500,Training
2019-10-16,2.300000,2.470000,2.280000,2.470000,2.358749,3600,Training
2019-10-17,2.520000,2.520000,2.460000,2.460000,2.349199,500,Training
2019-10-18,2.370000,2.500000,2.340000,2.500000,2.387398,900,Training
2019-10-21,2.360000,2.450000,2.290000,2.440000,2.330100,5000,Training
2019-10-22,2.310000,2.460000,2.250000,2.250000,2.148658,10600,Training
2019-10-23,2.350000,2.350000,2.180000,2.290000,2.186856,4000,Training
2019-10-24,2.290000,2.290000,2.290000,2.290000,2.186856,100,Training
2019-10-25,2.200000,2.200000,2.130000,2.190000,2.091360,1800,Training
2019-10-28,2.180000,2.220000,2.020000,2.120000,2.024513,2300,Training
2019-10-29,2.250000,2.250000,2.120000,2.250000,2.148658,1600,Training
2019-10-30,2.120000,2.250000,2.110000,2.250000,2.148658,1700,Training
2019-10-31,2.280000,2.280000,2.230000,2.230000,2.129559,4600,Training
2019-11-01,2.110000,2.290000,2.110000,2.270000,2.167757,700,Training
2019-11-04,2.340000,2.340000,2.110000,2.190000,2.091360,6000,Training
2019-11-05,2.280000,2.280000,2.100000,2.260000,2.158207,4800,Training
2019-11-06,2.200000,2.200000,1.950000,1.960000,1.871720,9300,Training
2019-11-07,1.960000,1.970000,1.900000,1.970000,1.881269,4100,Training
2019-11-08,1.860000,1.950000,1.810000,1.810000,1.728476,5900,Training
2019-11-11,1.900000,1.920000,1.810000,1.880000,1.795323,3700,Training
2019-11-12,1.820000,1.920000,1.660000,1.760000,1.680728,11000,Training
2019-11-13,1.760000,1.800000,1.500000,1.500000,1.432439,4700,Training
2019-11-14,1.710000,1.710000,1.600000,1.600000,1.527935,1800,Training
2019-11-15,1.700000,1.750000,1.700000,1.750000,1.671178,13200,Training
2019-11-18,1.650000,1.740000,1.570000,1.570000,1.499286,3300,Training
2019-11-19,1.600000,1.730000,1.600000,1.720000,1.642529,6400,Training
2019-11-20,1.770000,1.910000,1.750000,1.910000,1.823972,1700,Training
2019-11-21,1.790000,2.000000,1.460000,2.000000,1.909918,3600,Training
2019-11-22,1.800000,2.000000,1.800000,1.950000,1.862170,3900,Training
2019-11-25,1.920000,1.920000,1.740000,1.740000,1.661629,5500,Training
2019-11-26,1.900000,1.900000,1.830000,1.830000,1.747575,800,Training
2019-11-27,1.630000,2.000000,1.630000,2.000000,1.909918,800,Training
2019-11-29,1.630000,1.770000,1.600000,1.770000,1.690277,6200,Training
2019-12-02,1.830000,1.830000,1.650000,1.650000,1.575682,5300,Training
2019-12-03,1.480000,1.810000,1.480000,1.790000,1.709377,4400,Training
2019-12-04,1.700000,1.790000,1.510000,1.620000,1.547034,11200,Training
2019-12-05,1.700000,1.700000,1.550000,1.550000,1.480186,9000,Training
2019-12-06,1.700000,2.000000,1.700000,1.960000,1.871720,12000,Training
2019-12-09,1.990000,2.000000,1.750000,2.000000,1.909918,4800,Training
2019-12-10,2.000000,2.000000,1.750000,1.930000,1.843071,1300,Training
2019-12-11,1.720000,2.080000,1.720000,1.760000,1.680728,3700,Training
2019-12-12,2.150000,2.150000,1.720000,1.950000,1.862170,10100,Training
2019-12-13,1.920000,2.020000,1.790000,1.950000,1.862170,6100,Training
2019-12-16,1.770000,1.840000,1.760000,1.820000,1.738025,6900,Training
2019-12-17,1.800000,2.000000,1.750000,1.900000,1.814422,4000,Training
2019-12-18,1.830000,1.890000,1.800000,1.800000,1.718926,10900,Training
2019-12-19,1.870000,1.890000,1.850000,1.890000,1.804873,3600,Training
2019-12-20,2.010000,2.010000,1.840000,1.850000,1.766674,5100,Training
2019-12-23,1.930000,1.930000,1.850000,1.890000,1.804873,1000,Training
2019-12-24,1.850000,1.890000,1.810000,1.890000,1.804873,1700,Training
2019-12-26,1.770000,1.900000,1.770000,1.900000,1.814422,5900,Training
2019-12-27,1.900000,1.900000,1.820000,1.850000,1.766674,3500,Training
2019-12-30,1.850000,1.920000,1.850000,1.920000,1.833521,700,Training
2019-12-31,1.930000,1.970000,1.850000,1.970000,1.881269,3400,Training
2020-01-02,1.990000,2.100000,1.990000,1.990000,1.900368,2400,Training
2020-01-03,1.770000,2.080000,1.770000,2.040000,1.948116,2600,Validation
2020-01-06,2.000000,2.000000,1.860000,1.860000,1.776224,2000,Validation
2020-01-07,1.860000,1.980000,1.800000,1.800000,1.718926,3000,Validation
2020-01-08,1.950000,2.000000,1.850000,1.900000,1.814422,5700,Validation
2020-01-09,1.800000,2.000000,1.800000,1.860000,1.776224,1900,Validation
2020-01-10,1.920000,2.000000,1.920000,2.000000,1.909918,8400,Validation
2020-01-13,1.820000,2.220000,1.820000,1.980000,1.890819,2400,Validation
2020-01-14,1.820000,2.090000,1.820000,2.010000,1.919468,2200,Validation
2020-01-15,1.910000,1.910000,1.910000,1.910000,1.823972,600,Validation
2020-01-16,1.930000,1.930000,1.900000,1.900000,1.814422,500,Validation
2020-01-17,1.900000,1.900000,1.900000,1.900000,1.814422,0,Validation
2020-01-21,1.820000,2.000000,1.810000,1.900000,1.814422,2400,Validation
2020-01-22,1.850000,2.000000,1.850000,1.900000,1.814422,4500,Validation
2020-01-23,1.850000,1.950000,1.850000,1.860000,1.776224,2100,Validation
2020-01-24,1.970000,1.970000,1.900000,1.900000,1.814422,2600,Validation
2020-01-27,1.780000,1.970000,1.780000,1.800000,1.718926,1100,Validation
2020-01-28,1.810000,2.000000,1.810000,1.950000,1.862170,4700,Validation
2020-01-29,2.220000,2.230000,1.820000,2.020000,1.929017,4900,Validation
2020-01-30,1.860000,2.220000,1.860000,2.110000,2.014964,2200,Validation
2020-01-31,1.900000,2.230000,1.900000,2.210000,2.110459,12100,Validation
2020-02-03,2.000000,2.230000,1.930000,1.930000,1.843071,900,Validation
2020-02-04,2.220000,2.220000,2.180000,2.210000,2.110459,1700,Validation
2020-02-05,2.230000,2.230000,2.190000,2.230000,2.129559,600,Validation
2020-02-06,2.230000,2.230000,2.190000,2.190000,2.091360,800,Validation
2020-02-07,2.190000,2.190000,2.190000,2.190000,2.091360,800,Validation
2020-02-10,2.050000,2.050000,2.050000,2.050000,1.957666,5800,Validation
2020-02-11,2.200000,2.200000,2.070000,2.080000,1.986315,4800,Validation
2020-02-12,1.980000,1.980000,1.980000,1.980000,1.890819,200,Validation
2020-02-13,2.010000,2.290000,2.010000,2.290000,2.186856,6500,Validation
2020-02-14,2.290000,2.290000,2.290000,2.290000,2.186856,0,Validation
2020-02-18,2.380000,2.620000,2.350000,2.570000,2.454244,6800,Validation
2020-02-19,2.570000,2.570000,2.570000,2.570000,2.454244,0,Validation
2020-02-20,2.510000,2.600000,2.210000,2.250000,2.148658,2900,Validation
2020-02-21,2.610000,2.610000,2.570000,2.600000,2.482893,1200,Validation
2020-02-24,2.550000,2.550000,2.530000,2.530000,2.416046,700,Validation
2020-02-25,2.320000,2.450000,2.250000,2.400000,2.291902,2700,Validation
2020-02-26,2.400000,2.500000,2.400000,2.500000,2.387398,600,Validation
2020-02-27,2.300000,2.300000,2.170000,2.170000,2.072261,7700,Validation
2020-02-28,2.290000,2.540000,2.120000,2.470000,2.358749,1900,Validation
2020-03-02,2.480000,2.610000,2.160000,2.610000,2.492443,1700,Validation
2020-03-03,2.610000,2.610000,2.550000,2.570000,2.454244,700,Validation
2020-03-04,2.570000,2.570000,2.570000,2.570000,2.454244,0,Validation
2020-03-05,2.250000,2.570000,2.250000,2.520000,2.406497,2200,Validation
2020-03-06,2.520000,2.520000,2.500000,2.500000,2.387398,700,Validation
2020-03-09,2.320000,2.610000,2.320000,2.550000,2.435145,2700,Validation
2020-03-10,2.600000,2.600000,2.340000,2.600000,2.482893,1400,Validation
2020-03-11,2.580000,2.610000,2.580000,2.580000,2.463794,1200,Validation
2020-03-12,2.310000,2.600000,2.310000,2.520000,2.406497,1600,Validation
2020-03-13,2.600000,2.600000,2.400000,2.500000,2.387398,1600,Validation
2020-03-16,2.500000,2.500000,2.390000,2.420000,2.311001,1400,Validation
2020-03-17,2.380000,2.380000,2.200000,2.200000,2.100910,6100,Validation
2020-03-18,2.200000,2.200000,2.200000,2.200000,2.100910,0,Validation
2020-03-19,2.440000,2.440000,2.400000,2.400000,2.291902,300,Validation
2020-03-20,2.310000,2.310000,2.310000,2.310000,2.205955,100,Validation
2020-03-23,2.240000,2.240000,2.240000,2.240000,2.139108,200,Validation
2020-03-24,2.450000,2.450000,2.400000,2.400000,2.291902,400,Validation
2020-03-25,2.300000,2.300000,2.120000,2.120000,2.024513,1100,Validation
2020-03-26,2.290000,2.290000,2.080000,2.280000,2.177306,1600,Validation
2020-03-27,2.250000,2.250000,2.210000,2.250000,2.148658,500,Validation
2020-03-30,2.250000,2.250000,2.130000,2.130000,2.034063,400,Validation
2020-03-31,2.110000,2.110000,2.110000,2.110000,2.014964,300,Validation
2020-04-01,2.110000,2.150000,2.110000,2.150000,2.053162,600,Validation
2020-04-02,2.190000,2.190000,1.910000,2.100000,2.005414,3600,Validation
2020-04-03,2.090000,2.100000,2.030000,2.100000,2.005414,500,Validation
2020-04-06,2.100000,2.210000,2.100000,2.210000,2.110459,900,Validation
2020-04-07,2.200000,2.200000,1.900000,2.190000,2.091360,1300,Validation
2020-04-08,1.930000,2.140000,1.930000,2.140000,2.043613,500,Validation
2020-04-09,2.150000,2.150000,1.980000,2.070000,1.976765,2700,Validation
2020-04-13,2.070000,2.070000,2.070000,2.070000,1.976765,0,Validation
2020-04-14,1.960000,2.040000,1.900000,2.040000,1.948116,1800,Validation
2020-04-15,2.000000,2.000000,1.860000,1.940000,1.852620,2600,Validation
2020-04-16,1.830000,2.000000,1.830000,1.990000,1.900368,1800,Validation
2020-04-17,1.990000,1.990000,1.930000,1.930000,1.843071,600,Validation
2020-04-20,1.950000,1.950000,1.840000,1.850000,1.766674,900,Validation
2020-04-21,1.850000,1.850000,1.670000,1.670000,1.594782,7600,Validation
2020-04-22,1.910000,1.920000,1.720000,1.790000,1.709377,2800,Validation
2020-04-23,1.790000,1.790000,1.790000,1.790000,1.709377,0,Validation
2020-04-24,1.900000,1.920000,1.610000,1.630000,1.556583,30500,Validation
2020-04-27,1.600000,1.740000,1.600000,1.630000,1.556583,4200,Validation
2020-04-28,1.580000,1.790000,1.580000,1.610000,1.537484,7400,Validation
2020-04-29,1.610000,1.780000,1.610000,1.750000,1.671178,10300,Validation
2020-04-30,1.780000,1.800000,1.760000,1.780000,1.699827,2600,Validation
2020-05-01,1.620000,1.800000,1.620000,1.780000,1.699827,900,Validation
2020-05-04,1.800000,1.800000,1.720000,1.770000,1.690277,900,Validation
2020-05-05,1.650000,1.800000,1.650000,1.800000,1.718926,800,Validation
2020-05-06,1.800000,1.800000,1.790000,1.790000,1.709377,500,Validation
2020-05-07,1.790000,1.790000,1.790000,1.790000,1.709377,1000,Validation
2020-05-08,1.720000,1.790000,1.720000,1.790000,1.709377,1500,Validation
2020-05-11,1.800000,1.870000,1.770000,1.770000,1.690277,14700,Validation
2020-05-12,1.870000,1.920000,1.870000,1.880000,1.795323,900,Validation
2020-05-13,1.800000,1.880000,1.800000,1.880000,1.795323,900,Validation
2020-05-14,1.880000,1.880000,1.720000,1.870000,1.785773,1400,Validation
2020-05-15,1.870000,1.870000,1.870000,1.870000,1.785773,0,Validation
2020-05-18,1.780000,1.970000,1.780000,1.930000,1.843071,1300,Validation
2020-05-19,1.950000,1.950000,1.800000,1.800000,1.718926,500,Validation
2020-05-20,1.810000,1.900000,1.750000,1.900000,1.814422,3000,Validation
2020-05-21,1.890000,1.900000,1.810000,1.810000,1.728476,1800,Validation
2020-05-22,1.970000,1.970000,1.810000,1.950000,1.862170,1200,Validation
2020-05-26,1.950000,1.950000,1.950000,1.950000,1.862170,0,Validation
2020-05-27,1.950000,1.950000,1.950000,1.950000,1.862170,500,Validation
2020-05-28,1.950000,1.950000,1.860000,1.860000,1.776224,1100,Validation
2020-05-29,1.860000,1.880000,1.760000,1.770000,1.690277,5800,Validation
2020-06-01,1.830000,1.830000,1.830000,1.830000,1.747575,800,Validation
2020-06-02,1.880000,1.880000,1.870000,1.870000,1.785773,700,Validation
2020-06-03,1.810000,1.810000,1.730000,1.730000,1.652079,2500,Validation
2020-06-04,1.730000,1.810000,1.730000,1.810000,1.728476,1300,Validation
2020-06-05,1.900000,1.900000,1.760000,1.800000,1.718926,3900,Validation
2020-06-08,1.830000,1.850000,1.820000,1.850000,1.766674,5000,Validation
2020-06-09,1.860000,1.910000,1.810000,1.900000,1.814422,3500,Validation
2020-06-10,1.920000,1.920000,1.920000,1.920000,1.833521,400,Validation
2020-06-11,1.910000,1.910000,1.870000,1.870000,1.785773,800,Validation
2020-06-12,1.880000,1.880000,1.850000,1.880000,1.795323,600,Validation
2020-06-15,1.830000,1.880000,1.830000,1.880000,1.795323,700,Validation
2020-06-16,1.830000,1.850000,1.810000,1.810000,1.728476,3300,Validation
2020-06-17,1.870000,3.480000,1.870000,2.770000,2.645236,107000,Validation
2020-06-18,1.980000,2.780000,1.770000,1.850000,1.766674,270200,Validation
2020-06-19,2.150000,2.150000,1.950000,1.960000,1.871720,24100,Validation
2020-06-22,1.870000,1.930000,1.850000,1.850000,1.766674,12200,Validation
2020-06-23,1.880000,1.990000,1.750000,1.750000,1.671178,22900,Validation
2020-06-24,1.760000,1.790000,1.630000,1.680000,1.604331,8600,Validation
2020-06-25,1.730000,1.980000,1.630000,1.880000,1.795323,72900,Validation
2020-06-26,1.840000,1.840000,1.670000,1.670000,1.594782,16000,Validation
2020-06-29,1.750000,1.790000,1.640000,1.650000,1.575682,5800,Validation
2020-06-30,1.700000,1.700000,1.630000,1.660000,1.585232,3900,Validation
2020-07-01,1.640000,1.710000,1.620000,1.650000,1.575682,12400,Validation
2020-07-02,1.620000,1.730000,1.580000,1.700000,1.623430,19800,Validation
2020-07-06,1.650000,1.670000,1.620000,1.620000,1.547034,3100,Validation
2020-07-07,1.620000,1.710000,1.610000,1.680000,1.604331,5800,Validation
2020-07-08,1.620000,1.690000,1.620000,1.650000,1.575682,2200,Validation
2020-07-09,1.630000,1.650000,1.630000,1.630000,1.556583,2100,Validation
2020-07-10,1.640000,1.690000,1.630000,1.680000,1.604331,2200,Validation
2020-07-13,1.680000,1.700000,1.590000,1.590000,1.518385,10700,Validation
2020-07-14,1.630000,1.690000,1.590000,1.690000,1.613881,3600,Validation
2020-07-15,1.640000,1.690000,1.590000,1.610000,1.537484,15000,Validation
2020-07-16,1.690000,1.700000,1.680000,1.700000,1.623430,1900,Validation
2020-07-17,1.680000,1.740000,1.680000,1.740000,1.661629,3500,Validation
2020-07-20,1.710000,1.840000,1.710000,1.710000,1.632980,4900,Validation
2020-07-21,1.750000,1.830000,1.730000,1.750000,1.671178,2100,Validation
2020-07-22,1.810000,1.870000,1.800000,1.830000,1.747575,3300,Validation
2020-07-23,1.900000,1.900000,1.780000,1.820000,1.738025,6200,Validation
2020-07-24,1.890000,1.890000,1.770000,1.810000,1.728476,3200,Validation
2020-07-27,1.880000,1.890000,1.800000,1.840000,1.757124,2400,Validation
2020-07-28,1.900000,1.900000,1.790000,1.830000,1.747575,2200,Validation
2020-07-29,1.770000,1.870000,1.770000,1.870000,1.785773,10600,Validation
2020-07-30,1.890000,1.890000,1.850000,1.850000,1.766674,6600,Validation
2020-07-31,1.880000,1.920000,1.850000,1.850000,1.766674,2300,Validation
2020-08-03,1.850000,1.930000,1.850000,1.880000,1.795323,3300,Validation
2020-08-04,1.800000,1.840000,1.690000,1.800000,1.718926,14200,Validation
2020-08-05,1.820000,1.880000,1.750000,1.880000,1.795323,10300,Validation
2020-08-06,1.930000,1.930000,1.840000,1.860000,1.776224,2200,Validation
2020-08-07,1.880000,1.940000,1.820000,1.850000,1.766674,1900,Validation
2020-08-10,1.920000,1.920000,1.770000,1.770000,1.690277,1100,Validation
2020-08-11,1.760000,2.600000,1.760000,1.900000,1.814422,94500,Validation
2020-08-12,1.990000,2.070000,1.870000,2.000000,1.909918,30900,Validation
2020-08-13,2.090000,2.100000,2.090000,2.100000,2.005414,1300,Validation
2020-08-14,2.100000,2.190000,1.940000,2.100000,2.005414,7600,Validation
2020-08-17,1.970000,2.150000,1.960000,2.080000,1.986315,3000,Validation
2020-08-18,2.080000,2.230000,2.050000,2.140000,2.043613,6400,Validation
2020-08-19,2.070000,2.820000,2.070000,2.300000,2.196406,185200,Validation
2020-08-20,2.320000,2.370000,2.050000,2.050000,1.957666,32500,Validation
2020-08-21,2.030000,2.280000,2.030000,2.040000,1.948116,14700,Validation
2020-08-24,2.030000,2.030000,1.870000,2.000000,1.909918,41100,Validation
2020-08-25,1.900000,1.970000,1.900000,1.950000,1.862170,3000,Validation
2020-08-26,2.170000,2.170000,1.880000,1.940000,1.852620,13600,Validation
2020-08-27,2.050000,2.050000,1.970000,1.970000,1.881269,1500,Validation
2020-08-28,2.080000,2.100000,2.050000,2.090000,1.995864,4300,Validation
2020-08-31,2.110000,2.110000,2.000000,2.000000,1.909918,13800,Validation
2020-09-01,1.910000,2.040000,1.910000,2.030000,1.938567,4900,Validation
2020-09-02,2.050000,2.080000,1.940000,2.030000,1.938567,2800,Validation
2020-09-03,2.030000,2.030000,2.000000,2.000000,1.909918,2800,Validation
2020-09-04,2.030000,2.030000,1.970000,2.020000,1.929017,4500,Validation
2020-09-08,2.000000,2.080000,1.960000,2.050000,1.957666,3500,Validation
2020-09-09,2.100000,2.100000,1.960000,1.960000,1.871720,2500,Validation
2020-09-10,2.010000,2.030000,1.960000,1.960000,1.871720,800,Validation
2020-09-11,2.050000,2.050000,1.940000,1.940000,1.852620,1300,Validation
2020-09-14,2.000000,2.000000,1.930000,2.000000,1.909918,10900,Validation
2020-09-15,2.040000,2.070000,1.900000,2.010000,1.919468,4100,Validation
2020-09-16,1.960000,2.050000,1.960000,2.000000,1.909918,1800,Validation
2020-09-17,2.000000,2.190000,2.000000,2.100000,2.005414,6800,Validation
2020-09-18,2.060000,2.180000,2.040000,2.140000,2.043613,9600,Validation
2020-09-21,2.160000,2.160000,2.040000,2.090000,1.995864,2300,Validation
2020-09-22,2.200000,2.200000,2.050000,2.130000,2.034063,2200,Validation
2020-09-23,1.990000,2.000000,1.970000,1.980000,1.890819,1800,Validation
2020-09-24,1.980000,1.980000,1.980000,1.980000,1.890819,0,Validation
2020-09-25,2.060000,2.060000,2.060000,2.060000,1.967215,600,Validation
2020-09-28,2.190000,2.200000,2.070000,2.070000,1.976765,5800,Validation
2020-09-29,1.980000,2.030000,1.980000,1.980000,1.890819,2100,Validation
2020-09-30,1.990000,2.000000,1.880000,2.000000,1.909918,3000,Validation
2020-10-01,2.000000,2.170000,1.900000,2.040000,1.948116,1000,Validation
2020-10-02,1.940000,2.010000,1.940000,1.960000,1.871720,2600,Validation
2020-10-05,2.020000,2.020000,2.020000,2.020000,1.929017,600,Validation
2020-10-06,1.970000,1.970000,1.970000,1.970000,1.881269,200,Validation
2020-10-07,1.970000,2.000000,1.970000,2.000000,1.909918,800,Validation
2020-10-08,2.000000,2.000000,2.000000,2.000000,1.909918,300,Validation
2020-10-09,2.000000,2.000000,2.000000,2.000000,1.909918,0,Validation
2020-10-12,2.050000,2.050000,1.970000,2.000000,1.909918,5300,Validation
2020-10-13,2.030000,2.330000,2.020000,2.100000,2.005414,59800,Validation
2020-10-14,2.310000,2.390000,2.200000,2.280000,2.177306,86600,Validation
2020-10-15,1.970000,2.280000,1.900000,2.150000,2.053162,10200,Validation
2020-10-16,2.150000,2.260000,2.080000,2.200000,2.100910,9200,Validation
2020-10-19,2.180000,2.330000,2.060000,2.280000,2.177306,26500,Validation
2020-10-20,2.200000,2.210000,2.200000,2.200000,2.100910,1800,Validation
2020-10-21,2.110000,2.290000,2.110000,2.180000,2.081811,1700,Validation
2020-10-22,2.210000,2.280000,2.180000,2.190000,2.091360,1700,Validation
2020-10-23,2.220000,2.300000,2.220000,2.250000,2.148658,7400,Validation
2020-10-26,2.250000,2.250000,2.060000,2.140000,2.043613,1800,Validation
2020-10-27,2.040000,2.310000,2.040000,2.130000,2.034063,4300,Validation
2020-10-28,2.080000,2.080000,2.080000,2.080000,1.986315,400,Validation
2020-10-29,2.080000,2.080000,2.080000,2.080000,1.986315,1400,Validation
2020-10-30,2.080000,2.140000,2.010000,2.020000,1.929017,2000,Validation
2020-11-02,2.060000,2.150000,2.050000,2.130000,2.034063,5000,Validation
2020-11-03,2.150000,2.150000,2.050000,2.050000,1.957666,500,Validation
2020-11-04,2.050000,2.060000,2.050000,2.050000,1.957666,1500,Validation
2020-11-05,2.030000,2.030000,2.030000,2.030000,1.938567,300,Validation
2020-11-06,2.150000,2.150000,2.150000,2.150000,2.053162,400,Validation
2020-11-09,2.150000,2.150000,2.150000,2.150000,2.053162,0,Validation
2020-11-10,2.090000,2.290000,2.050000,2.200000,2.100910,13800,Validation
2020-11-11,2.170000,2.200000,2.080000,2.180000,2.081811,3400,Validation
2020-11-12,2.180000,2.180000,2.180000,2.180000,2.081811,0,Validation
2020-11-13,2.020000,2.200000,2.000000,2.200000,2.100910,4600,Validation
2020-11-16,2.170000,2.230000,2.020000,2.120000,2.024513,17700,Validation
2020-11-17,2.120000,2.120000,2.120000,2.120000,2.024513,300,Validation
2020-11-18,2.210000,2.220000,2.140000,2.170000,2.072261,4100,Validation
2020-11-19,2.190000,2.190000,2.100000,2.150000,2.053162,1500,Validation
2020-11-20,2.170000,2.210000,2.170000,2.210000,2.110459,5100,Validation
2020-11-23,2.210000,2.210000,2.140000,2.170000,2.072261,2300,Validation
2020-11-24,2.150000,2.250000,2.090000,2.090000,1.995864,12500,Validation
2020-11-25,2.150000,2.210000,2.050000,2.060000,1.967215,17900,Validation
2020-11-27,2.120000,2.150000,2.020000,2.060000,1.967215,4500,Validation
2020-11-30,2.050000,2.160000,2.050000,2.140000,2.043613,5800,Validation
2020-12-01,2.210000,2.210000,2.160000,2.160000,2.062711,1200,Validation
2020-12-02,2.060000,2.140000,2.020000,2.140000,2.043613,18300,Validation
2020-12-03,2.170000,2.170000,2.130000,2.160000,2.062711,5400,Validation
2020-12-04,2.100000,2.180000,2.100000,2.180000,2.081811,4600,Validation
2020-12-07,2.110000,2.150000,2.110000,2.150000,2.053162,3400,Validation
2020-12-08,2.220000,2.220000,2.130000,2.130000,2.034063,2100,Validation
2020-12-09,2.140000,2.210000,2.120000,2.150000,2.053162,5800,Validation
2020-12-10,2.230000,2.270000,2.190000,2.200000,2.100910,9700,Validation
2020-12-11,2.300000,2.330000,2.170000,2.270000,2.167757,4300,Validation
2020-12-14,2.330000,2.330000,2.270000,2.320000,2.215505,6100,Validation
2020-12-15,2.270000,2.330000,2.210000,2.240000,2.139108,5700,Validation
2020-12-16,2.200000,2.330000,2.200000,2.290000,2.186856,8600,Validation
2020-12-17,2.250000,2.330000,2.170000,2.230000,2.129559,9800,Validation
2020-12-18,2.190000,2.220000,2.070000,2.080000,1.986315,12300,Validation
2020-12-21,2.170000,2.170000,2.100000,2.110000,2.014964,3300,Validation
2020-12-22,2.100000,2.180000,2.030000,2.100000,2.005414,17600,Validation
2020-12-23,2.090000,2.110000,2.070000,2.090000,1.995864,13000,Validation
2020-12-24,2.140000,2.140000,2.080000,2.080000,1.986315,500,Validation
2020-12-28,2.120000,2.140000,2.100000,2.100000,2.005414,3600,Validation
2020-12-29,2.070000,2.100000,2.050000,2.100000,2.005414,1300,Validation
2020-12-30,2.120000,2.150000,2.100000,2.100000,2.005414,7000,Validation
2020-12-31,2.100000,2.140000,2.050000,2.060000,1.967215,7800,Validation
2021-01-04,2.140000,2.180000,2.060000,2.140000,2.043613,298100,Test
2021-01-05,2.500000,2.790000,2.250000,2.600000,2.482893,825500,Test
2021-01-06,2.370000,2.520000,2.280000,2.300000,2.196406,84100,Test
2021-01-07,2.300000,2.480000,2.300000,2.360000,2.253703,23100,Test
2021-01-08,2.360000,2.450000,2.310000,2.410000,2.301451,27300,Test
2021-01-11,2.360000,2.450000,2.310000,2.350000,2.244153,8500,Test
2021-01-12,2.250000,2.370000,2.220000,2.220000,2.120009,23400,Test
2021-01-13,2.350000,2.350000,2.200000,2.250000,2.148658,5900,Test
2021-01-14,2.220000,2.290000,2.200000,2.220000,2.120009,20100,Test
2021-01-15,2.350000,2.400000,2.270000,2.330000,2.225055,28800,Test
2021-01-19,2.450000,2.450000,2.380000,2.400000,2.291902,9600,Test
2021-01-20,2.400000,2.400000,2.340000,2.390000,2.282352,6900,Test
2021-01-21,2.400000,2.450000,2.290000,2.450000,2.339649,11300,Test
2021-01-22,2.450000,2.460000,2.360000,2.400000,2.291902,8400,Test
2021-01-25,2.490000,2.630000,2.490000,2.560000,2.444695,28400,Test
2021-01-26,2.520000,2.630000,2.510000,2.560000,2.444695,5800,Test
2021-01-27,2.490000,2.540000,2.410000,2.480000,2.368298,18600,Test
2021-01-28,2.450000,2.450000,2.360000,2.360000,2.253703,3200,Test
2021-01-29,2.360000,2.420000,2.250000,2.380000,2.272803,17100,Test
2021-02-01,2.370000,2.370000,2.250000,2.320000,2.215505,17600,Test
2021-02-02,2.320000,2.320000,2.230000,2.240000,2.139108,23500,Test
2021-02-03,2.320000,2.320000,2.250000,2.280000,2.177306,8400,Test
2021-02-04,2.320000,2.400000,2.320000,2.390000,2.282352,45400,Test
2021-02-05,3.750000,15.970000,3.600000,5.200000,4.965786,111912800,Test
2021-02-08,4.900000,7.850000,4.500000,6.500000,6.207233,9688800,Test
2021-02-09,6.150000,7.500000,5.700000,6.530000,6.235882,2569700,Test
2021-02-10,6.270000,6.300000,5.660000,5.700000,5.443266,717800,Test
2021-02-11,5.610000,5.630000,5.200000,5.260000,5.023085,427600,Test
2021-02-12,5.350000,6.880000,5.300000,5.710000,5.452816,2251700,Test
2021-02-16,5.560000,5.710000,5.210000,5.380000,5.137680,559900,Test
2021-02-17,5.430000,5.710000,5.150000,5.530000,5.280923,336200,Test
2021-02-18,5.550000,5.850000,5.080000,5.240000,5.003985,343100,Test
2021-02-19,5.170000,5.190000,4.530000,4.640000,4.431010,308200,Test
2021-02-22,4.640000,5.230000,4.560000,4.960000,4.736597,161900,Test
2021-02-23,4.750000,4.750000,4.200000,4.410000,4.211369,130400,Test
2021-02-24,4.480000,4.640000,4.480000,4.530000,4.325964,64900,Test
2021-02-25,4.690000,4.730000,4.540000,4.630000,4.421461,71900,Test
2021-02-26,4.640000,4.750000,4.430000,4.470000,4.268666,80100,Test
2021-03-01,4.510000,4.870000,4.300000,4.760000,4.545605,70700,Test
2021-03-02,4.780000,4.880000,4.670000,4.700000,4.488307,30300,Test
2021-03-03,4.660000,4.680000,4.410000,4.430000,4.230468,55800,Test
2021-03-04,4.430000,4.430000,3.600000,3.650000,3.485600,118800,Test
2021-03-05,3.590000,3.740000,3.250000,3.670000,3.504699,104400,Test
2021-03-08,3.690000,3.880000,3.480000,3.550000,3.390105,98000,Test
2021-03-09,3.600000,3.960000,3.570000,3.800000,3.628844,62500,Test
2021-03-10,4.220000,4.290000,3.820000,3.950000,3.772088,138200,Test
2021-03-11,3.940000,4.530000,3.930000,4.370000,4.173170,134900,Test
2021-03-12,4.370000,4.370000,4.100000,4.370000,4.173170,80900,Test
2021-03-15,4.370000,4.430000,4.080000,4.250000,4.058576,102900,Test
2021-03-16,4.380000,4.380000,4.130000,4.270000,4.077675,68800,Test
2021-03-17,4.180000,4.290000,4.060000,4.260000,4.068126,44700,Test
2021-03-18,4.260000,4.590000,4.260000,4.540000,4.335514,1105600,Test
2021-03-19,5.490000,6.740000,5.120000,5.700000,5.443266,19828200,Test
2021-03-22,5.440000,5.480000,5.060000,5.330000,5.089932,630600,Test
2021-03-23,5.140000,6.590000,4.500000,5.140000,4.908489,2657000,Test
2021-03-24,5.000000,5.000000,4.080000,4.090000,3.905783,407200,Test
2021-03-25,4.000000,4.200000,3.860000,3.950000,3.772088,219100,Test
2021-03-26,3.950000,4.000000,3.560000,3.640000,3.476051,265000,Test
2021-03-29,3.730000,4.180000,3.510000,3.900000,3.724340,255100,Test
2021-03-30,3.810000,3.880000,3.580000,3.590000,3.428303,152200,Test
2021-03-31,3.590000,3.750000,3.590000,3.680000,3.514249,57300,Test
2021-04-01,3.860000,4.110000,3.700000,4.000000,3.819836,373700,Test
2021-04-05,4.140000,4.170000,3.920000,4.020000,3.838935,252400,Test
2021-04-06,4.100000,4.180000,3.950000,4.030000,3.848485,283700,Test
2021-04-07,4.040000,4.140000,3.730000,3.750000,3.581096,355900,Test
2021-04-08,3.800000,4.390000,3.780000,3.980000,3.800737,1965800,Test
2021-04-09,3.910000,4.020000,3.800000,3.850000,3.676592,337100,Test
2021-04-12,3.860000,3.970000,3.590000,3.640000,3.494202,153200,Test
2021-04-13,3.670000,3.690000,3.430000,3.480000,3.340611,102700,Test
2021-04-14,3.520000,3.790000,3.490000,3.700000,3.551799,150500,Test
2021-04-15,3.680000,3.700000,3.470000,3.550000,3.407807,123900,Test
2021-04-16,3.580000,3.960000,3.500000,3.700000,3.551799,631200,Test
2021-04-19,3.640000,3.780000,3.570000,3.750000,3.599796,214700,Test
2021-04-20,3.710000,3.920000,3.620000,3.780000,3.628595,246600,Test
2021-04-21,3.740000,3.990000,3.740000,3.870000,3.714990,249800,Test
2021-04-22,3.880000,4.180000,3.810000,4.160000,3.993374,554600,Test
2021-04-23,4.050000,4.150000,3.890000,4.000000,3.839783,372700,Test
2021-04-26,4.010000,4.200000,4.000000,4.190000,4.022173,386500,Test
2021-04-27,4.210000,4.210000,4.010000,4.020000,3.858982,62400,Test
2021-04-28,4.020000,4.390000,4.000000,4.290000,4.118167,143800,Test
2021-04-29,4.300000,4.350000,4.090000,4.180000,4.012573,90300,Test
2021-04-30,4.170000,4.200000,4.040000,4.090000,3.926178,61200,Test
2021-05-03,4.060000,4.230000,3.980000,4.220000,4.050971,264900,Test
2021-05-04,4.220000,4.250000,3.910000,4.060000,3.897380,257000,Test
2021-05-05,4.100000,4.320000,4.050000,4.080000,3.916579,122300,Test
2021-05-06,4.080000,4.100000,3.910000,4.000000,3.839783,208600,Test
2021-05-07,3.970000,4.120000,3.970000,4.000000,3.839783,52200,Test
2021-05-10,4.000000,4.060000,3.950000,3.980000,3.820584,43500,Test
2021-05-11,3.910000,3.980000,3.840000,3.940000,3.782186,94600,Test
2021-05-12,3.890000,4.200000,3.830000,4.190000,4.022173,101700,Test
2021-05-13,4.240000,4.340000,4.010000,4.150000,3.983775,124200,Test
2021-05-14,4.140000,4.250000,4.100000,4.130000,3.964576,29200,Test
2021-05-17,4.170000,4.640000,4.160000,4.480000,4.300557,228600,Test
2021-05-18,4.510000,4.760000,4.400000,4.510000,4.329355,113400,Test
2021-05-19,4.470000,4.470000,3.980000,4.090000,3.926178,292600,Test
2021-05-20,4.070000,4.180000,4.070000,4.110000,3.945377,33100,Test
2021-05-21,4.200000,4.300000,4.110000,4.300000,4.127767,50400,Test
2021-05-24,4.380000,4.380000,4.120000,4.160000,3.993374,57900,Test
2021-05-25,4.140000,4.170000,3.930000,4.090000,3.926178,94600,Test
2021-05-26,4.120000,4.370000,4.030000,4.330000,4.156565,70700,Test
2021-05-27,4.360000,4.410000,4.280000,4.290000,4.118167,38300,Test
2021-05-28,4.280000,4.500000,4.250000,4.330000,4.156565,52900,Test
2021-06-01,4.330000,4.500000,4.280000,4.430000,4.252559,54000,Test
2021-06-02,4.430000,5.190000,4.340000,5.000000,4.799728,1649400,Test
2021-06-03,5.020000,5.430000,4.350000,4.380000,4.204562,880600,Test
2021-06-04,4.400000,4.490000,4.250000,4.250000,4.079769,193800,Test
2021-06-07,4.200000,4.270000,4.120000,4.140000,3.974175,98700,Test
2021-06-08,4.120000,4.370000,4.100000,4.270000,4.098968,104400,Test
2021-06-09,4.290000,4.370000,4.170000,4.190000,4.022173,49200,Test
2021-06-10,4.190000,4.290000,4.070000,4.180000,4.012573,125600,Test
2021-06-11,4.180000,4.380000,4.180000,4.280000,4.108568,84600,Test
2021-06-14,4.280000,4.810000,4.150000,4.420000,4.242960,248200,Test
2021-06-15,4.410000,4.410000,4.200000,4.210000,4.041372,85700,Test
2021-06-16,4.220000,4.270000,4.200000,4.250000,4.079769,132500,Test
2021-06-17,4.230000,4.270000,4.030000,4.050000,3.887780,86900,Test
2021-06-18,4.030000,4.130000,4.010000,4.080000,3.916579,83800,Test
2021-06-21,4.110000,4.150000,4.010000,4.070000,3.906979,39900,Test
2021-06-22,4.050000,4.130000,4.010000,4.040000,3.878181,23400,Test
2021-06-23,4.020000,4.140000,4.010000,4.120000,3.954977,19600,Test
2021-06-24,4.120000,4.260000,4.110000,4.240000,4.070169,28800,Test
2021-06-25,4.200000,4.330000,4.150000,4.260000,4.089369,50300,Test
2021-06-28,4.340000,4.340000,4.180000,4.290000,4.118167,20400,Test
2021-06-29,4.250000,4.510000,4.230000,4.360000,4.185363,147900,Test
2021-06-30,4.340000,4.480000,4.170000,4.320000,4.146966,28000,Test
2021-07-01,4.380000,4.480000,4.300000,4.380000,4.204562,38600,Test
2021-07-02,4.400000,4.460000,4.210000,4.390000,4.214161,26500,Test
2021-07-06,4.460000,4.460000,4.310000,4.400000,4.223761,49300,Test
2021-07-07,4.460000,4.460000,4.280000,4.450000,4.271758,68000,Test
2021-07-08,4.460000,4.460000,4.220000,4.380000,4.204562,105300,Test
2021-07-09,4.330000,4.420000,4.250000,4.360000,4.185363,43500,Test
2021-07-12,4.400000,4.400000,4.300000,4.380000,4.204562,22000,Test
2021-07-13,4.250000,4.430000,4.250000,4.380000,4.204562,16400,Test
2021-07-14,4.380000,4.380000,4.230000,4.320000,4.146966,24900,Test
2021-07-15,4.350000,5.180000,4.330000,4.660000,4.473347,800400,Test
2021-07-16,4.500000,4.990000,4.050000,4.090000,3.926178,128000,Test
2021-07-19,4.030000,4.090000,3.620000,3.890000,3.734189,108300,Test
2021-07-20,3.890000,3.970000,3.690000,3.890000,3.734189,49700,Test
2021-07-21,3.880000,4.070000,3.880000,3.990000,3.830184,24000,Test
2021-07-22,4.000000,4.050000,3.930000,3.930000,3.772587,15600,Test
2021-07-23,3.990000,4.160000,3.800000,4.120000,3.954977,54800,Test
2021-07-26,4.090000,4.090000,3.900000,3.900000,3.743788,28900,Test
2021-07-27,3.880000,4.100000,3.750000,4.080000,3.916579,41400,Test
2021-07-28,4.090000,4.190000,3.970000,4.170000,4.002974,19700,Test
2021-07-29,4.170000,4.170000,4.050000,4.120000,3.954977,8700,Test
2021-07-30,4.140000,4.230000,4.030000,4.090000,3.926178,21000,Test
2021-08-02,4.110000,4.220000,4.100000,4.210000,4.041372,8900,Test
2021-08-03,4.250000,4.380000,4.100000,4.250000,4.079769,30400,Test
2021-08-04,4.250000,4.310000,4.120000,4.200000,4.031772,22000,Test
2021-08-05,4.160000,4.260000,4.050000,4.240000,4.070169,14100,Test
2021-08-06,4.230000,4.580000,4.230000,4.530000,4.348554,28500,Test
2021-08-09,4.550000,4.590000,4.450000,4.490000,4.310156,48300,Test
2021-08-10,4.500000,5.700000,4.400000,4.480000,4.300557,1100600,Test
2021-08-11,4.430000,4.520000,4.030000,4.070000,3.906979,89300,Test
2021-08-12,4.040000,4.150000,4.040000,4.090000,3.926178,21400,Test
2021-08-13,4.060000,4.090000,3.850000,3.850000,3.695791,62300,Test
2021-08-16,3.830000,3.830000,3.510000,3.540000,3.398208,113700,Test
2021-08-17,3.500000,3.680000,3.500000,3.640000,3.494202,25800,Test
2021-08-18,3.580000,3.720000,3.550000,3.650000,3.503802,42800,Test
2021-08-19,3.600000,3.800000,3.560000,3.650000,3.503802,78000,Test
2021-08-20,3.700000,3.750000,3.600000,3.600000,3.455805,28100,Test
2021-08-23,3.600000,3.700000,3.590000,3.670000,3.523001,19800,Test
2021-08-24,3.690000,3.830000,3.680000,3.800000,3.647794,22100,Test
2021-08-25,3.800000,3.800000,3.700000,3.700000,3.551799,22900,Test
2021-08-26,3.700000,3.790000,3.650000,3.690000,3.542200,20600,Test
2021-08-27,3.700000,3.950000,3.700000,3.800000,3.647794,97800,Test
2021-08-30,3.860000,3.920000,3.760000,3.870000,3.714990,33300,Test
2021-08-31,3.870000,4.070000,3.810000,3.970000,3.810985,79400,Test
2021-09-01,4.020000,4.350000,3.960000,4.350000,4.175764,115100,Test
2021-09-02,4.340000,4.390000,4.110000,4.120000,3.954977,80000,Test
2021-09-03,4.120000,4.160000,3.990000,3.990000,3.830184,54400,Test
2021-09-07,4.000000,4.130000,3.900000,3.900000,3.743788,16900,Test
2021-09-08,3.900000,4.060000,3.830000,3.920000,3.762987,114900,Test
2021-09-09,3.880000,4.140000,3.880000,4.060000,3.897380,160800,Test
2021-09-10,4.040000,4.060000,3.920000,3.920000,3.762987,20800,Test
2021-09-13,3.930000,3.990000,3.830000,3.900000,3.743788,78600,Test
2021-09-14,3.870000,3.930000,3.820000,3.910000,3.753388,45100,Test
2021-09-15,3.870000,4.000000,3.830000,3.830000,3.676592,10900,Test
2021-09-16,3.840000,3.960000,3.830000,3.860000,3.705390,14800,Test
2021-09-17,3.900000,4.000000,3.840000,4.000000,3.839783,37300,Test
2021-09-20,3.960000,4.000000,3.740000,3.830000,3.676592,68700,Test
2021-09-21,3.640000,3.970000,3.600000,3.850000,3.695791,26000,Test
2021-09-22,3.830000,3.930000,3.730000,3.800000,3.647794,20000,Test
2021-09-23,3.790000,3.910000,3.760000,3.910000,3.753388,10700,Test
2021-09-24,3.790000,4.080000,3.790000,3.980000,3.820584,65600,Test
2021-09-27,4.020000,4.040000,3.940000,4.000000,3.839783,22100,Test
2021-09-28,3.980000,4.040000,3.920000,3.960000,3.801385,10100,Test
2021-09-29,4.040000,4.040000,3.930000,3.960000,3.801385,7400,Test
2021-09-30,3.960000,4.320000,3.900000,4.150000,3.983775,85700,Test
2021-10-01,4.170000,4.300000,4.050000,4.210000,4.041372,16000,Test
2021-10-04,4.280000,4.300000,4.100000,4.180000,4.012573,32900,Test
2021-10-05,4.140000,4.300000,4.070000,4.180000,4.012573,21600,Test
2021-10-06,4.110000,4.530000,4.110000,4.480000,4.300557,89900,Test
2021-10-07,4.530000,4.550000,4.300000,4.330000,4.156565,32900,Test
2021-10-08,4.390000,4.490000,4.330000,4.490000,4.310156,19100,Test
2021-10-11,4.500000,4.580000,4.230000,4.500000,4.319756,23300,Test
2021-10-12,4.580000,4.590000,4.340000,4.380000,4.204562,13200,Test
2021-10-13,4.360000,4.440000,4.290000,4.310000,4.137366,11300,Test
2021-10-14,4.290000,4.400000,4.250000,4.400000,4.223761,9400,Test
2021-10-15,4.440000,4.490000,4.280000,4.330000,4.156565,9700,Test
2021-10-18,4.160000,4.370000,4.160000,4.250000,4.079769,20300,Test
2021-10-19,4.300000,4.390000,4.150000,4.150000,3.983775,13500,Test
2021-10-20,4.200000,4.250000,4.180000,4.250000,4.079769,5100,Test
2021-10-21,4.220000,4.220000,4.150000,4.190000,4.022173,8700,Test
2021-10-22,4.170000,4.200000,4.060000,4.090000,3.926178,10800,Test
2021-10-25,4.150000,4.240000,3.950000,4.160000,3.993374,34400,Test
2021-10-26,4.020000,4.200000,4.000000,4.080000,3.916579,25500,Test
2021-10-27,4.000000,4.080000,3.980000,3.980000,3.820584,14900,Test
2021-10-28,4.010000,4.180000,4.010000,4.110000,3.945377,9400,Test
2021-10-29,4.130000,4.200000,4.050000,4.080000,3.916579,9200,Test
2021-11-01,4.080000,4.350000,4.070000,4.260000,4.089369,46400,Test
2021-11-02,4.260000,4.350000,4.120000,4.270000,4.098968,17200,Test
2021-11-03,4.250000,4.540000,4.250000,4.490000,4.310156,45600,Test
2021-11-04,4.510000,4.550000,4.320000,4.400000,4.223761,9500,Test
2021-11-05,4.300000,4.530000,4.300000,4.510000,4.329355,8000,Test
2021-11-08,4.450000,4.490000,4.260000,4.300000,4.127767,19200,Test
2021-11-09,4.310000,4.410000,4.210000,4.410000,4.233360,7600,Test
2021-11-10,4.270000,4.400000,4.180000,4.180000,4.012573,16800,Test
2021-11-11,4.150000,4.240000,4.080000,4.130000,3.964576,7300,Test
2021-11-12,4.250000,4.250000,4.140000,4.250000,4.079769,11500,Test
2021-11-15,4.300000,4.330000,4.160000,4.270000,4.098968,6400,Test
2021-11-16,4.250000,4.340000,4.150000,4.150000,3.983775,17000,Test
2021-11-17,4.000000,4.310000,4.000000,4.220000,4.050971,10500,Test
2021-11-18,4.250000,4.300000,4.010000,4.090000,3.926178,15800,Test
2021-11-19,4.050000,4.200000,4.020000,4.110000,3.945377,5200,Test
2021-11-22,4.190000,4.200000,4.040000,4.050000,3.887780,10800,Test
2021-11-23,4.150000,4.190000,3.940000,4.000000,3.839783,12600,Test
2021-11-24,4.060000,4.100000,3.940000,4.010000,3.849382,4700,Test
2021-11-26,4.030000,4.050000,3.900000,3.970000,3.810985,5800,Test
2021-11-29,3.910000,4.030000,3.800000,3.820000,3.666993,31800,Test
2021-11-30,3.850000,3.930000,3.800000,3.900000,3.743788,7800,Test
2021-12-01,3.900000,3.940000,3.810000,3.820000,3.666993,8300,Test
2021-12-02,3.810000,3.900000,3.800000,3.850000,3.695791,5000,Test
2021-12-03,3.800000,3.810000,3.710000,3.760000,3.609396,6400,Test
2021-12-06,3.730000,3.840000,3.710000,3.780000,3.628595,6400,Test
2021-12-07,3.750000,3.900000,3.720000,3.750000,3.599796,11000,Test
2021-12-08,3.780000,3.900000,3.770000,3.790000,3.638194,6400,Test
2021-12-09,3.810000,3.860000,3.710000,3.710000,3.561399,5500,Test
2021-12-10,3.710000,3.890000,3.620000,3.720000,3.570998,11700,Test
2021-12-13,3.630000,3.800000,3.630000,3.690000,3.542200,3800,Test
2021-12-14,3.780000,3.780000,3.610000,3.610000,3.465404,3600,Test
2021-12-15,3.650000,3.650000,3.510000,3.540000,3.398208,9200,Test
2021-12-16,3.510000,3.600000,3.420000,3.420000,3.283015,5700,Test
2021-12-17,3.380000,3.640000,3.360000,3.560000,3.417407,6000,Test
2021-12-20,3.640000,3.640000,2.840000,3.120000,2.995031,21800,Test
2021-12-21,3.120000,3.360000,3.090000,3.120000,2.995031,8600,Test
2021-12-22,3.060000,3.100000,3.040000,3.100000,2.975832,14800,Test
2021-12-23,3.190000,3.210000,3.070000,3.210000,3.081426,27700,Test
2021-12-27,3.090000,3.240000,3.030000,3.060000,2.937434,26100,Test
2021-12-28,3.050000,3.200000,3.050000,3.130000,3.004630,14200,Test
2021-12-29,3.110000,3.120000,2.850000,2.880000,2.764644,34400,Test
2021-12-30,2.910000,3.000000,2.740000,2.780000,2.668649,36200,Test
2021-12-31,2.800000,2.820000,2.380000,2.450000,2.351867,190200,Test
2022-01-03,2.530000,2.810000,2.510000,2.690000,2.582254,33100,Test
2022-01-04,2.700000,2.970000,2.490000,2.800000,2.687848,93400,Test
2022-01-05,2.900000,3.100000,2.700000,2.980000,2.860638,52200,Test
2022-01-06,2.940000,3.090000,2.900000,2.910000,2.793442,17400,Test
2022-01-07,2.900000,2.950000,2.800000,2.900000,2.783843,8700,Test
2022-01-10,2.900000,2.900000,2.800000,2.860000,2.745445,6900,Test
2022-01-11,2.860000,2.900000,2.720000,2.850000,2.735845,6900,Test
2022-01-12,2.860000,2.900000,2.700000,2.740000,2.630251,13000,Test
2022-01-13,2.840000,2.970000,2.700000,2.720000,2.611052,5400,Test
2022-01-14,2.700000,3.050000,2.670000,2.720000,2.611052,17700,Test
2022-01-18,2.400000,2.740000,2.380000,2.510000,2.409464,47400,Test
2022-01-19,2.590000,2.590000,2.450000,2.500000,2.399864,11600,Test
2022-01-20,2.490000,2.660000,2.370000,2.480000,2.380665,24800,Test
2022-01-21,2.430000,2.480000,2.280000,2.280000,2.188676,17600,Test
2022-01-24,2.200000,2.340000,2.120000,2.310000,2.217474,25400,Test
2022-01-25,2.430000,2.590000,2.300000,2.550000,2.447861,18300,Test
2022-01-26,2.660000,2.660000,2.330000,2.460000,2.361466,18000,Test
2022-01-27,2.470000,2.570000,2.280000,2.490000,2.390265,21000,Test
2022-01-28,2.450000,2.590000,2.410000,2.500000,2.399864,9500,Test
2022-01-31,2.440000,2.630000,2.440000,2.590000,2.486259,5100,Test
2022-02-01,2.600000,2.600000,2.410000,2.510000,2.409464,6200,Test
2022-02-02,2.500000,2.630000,2.460000,2.580000,2.476660,6900,Test
2022-02-03,2.550000,2.650000,2.470000,2.510000,2.409464,5800,Test
2022-02-04,2.440000,2.590000,2.440000,2.560000,2.457461,3300,Test
2022-02-07,2.580000,2.580000,2.520000,2.540000,2.438262,2800,Test
2022-02-08,2.510000,2.610000,2.500000,2.610000,2.505458,1300,Test
2022-02-09,2.570000,2.610000,2.480000,2.560000,2.457461,6200,Test
2022-02-10,2.550000,2.630000,2.520000,2.630000,2.524657,6100,Test
2022-02-11,2.510000,2.750000,2.510000,2.750000,2.639851,31000,Test
2022-02-14,2.710000,2.890000,2.640000,2.720000,2.611052,30900,Test
2022-02-15,2.780000,2.920000,2.430000,2.750000,2.639851,53100,Test
2022-02-16,2.700000,2.870000,2.700000,2.780000,2.668649,2800,Test
2022-02-17,2.740000,2.860000,2.590000,2.750000,2.639851,8700,Test
2022-02-18,2.800000,2.900000,2.620000,2.750000,2.639851,5500,Test
2022-02-22,2.750000,2.800000,2.610000,2.700000,2.591854,3000,Test
2022-02-23,2.650000,2.650000,2.500000,2.590000,2.486259,6500,Test
2022-02-24,2.450000,2.590000,2.400000,2.470000,2.371066,8000,Test
2022-02-25,2.520000,2.640000,2.400000,2.640000,2.534257,2700,Test
2022-02-28,2.590000,2.650000,2.450000,2.450000,2.351867,4500,Test
2022-03-01,2.470000,2.650000,2.470000,2.550000,2.447861,3400,Test
2022-03-02,2.550000,2.550000,2.520000,2.520000,2.419063,1500,Test
2022-03-03,2.520000,2.520000,2.520000,2.520000,2.419063,300,Test
2022-03-04,2.510000,2.510000,2.420000,2.420000,2.323069,2300,Test
2022-03-07,2.460000,2.460000,2.340000,2.340000,2.246273,5000,Test
2022-03-08,2.390000,2.390000,2.210000,2.220000,2.131079,12300,Test
2022-03-09,2.410000,2.410000,2.230000,2.380000,2.284671,11700,Test
2022-03-10,2.280000,2.410000,2.280000,2.380000,2.284671,2600,Test
2022-03-11,2.260000,2.410000,2.260000,2.340000,2.246273,6000,Test
2022-03-14,2.350000,2.350000,2.270000,2.270000,2.179077,1900,Test
2022-03-15,2.340000,2.500000,2.270000,2.350000,2.255872,15800,Test
2022-03-16,2.480000,2.500000,2.370000,2.390000,2.294271,2200,Test
2022-03-17,2.360000,2.540000,2.360000,2.510000,2.409464,2400,Test
2022-03-18,2.490000,2.550000,2.480000,2.550000,2.447861,3100,Test
2022-03-21,2.550000,2.630000,2.440000,2.620000,2.515058,6800,Test
2022-03-22,2.620000,2.630000,2.500000,2.630000,2.524657,11200,Test
2022-03-23,2.670000,2.750000,2.620000,2.630000,2.524657,13300,Test
2022-03-24,2.780000,2.840000,2.660000,2.830000,2.716646,10900,Test
2022-03-25,2.850000,3.090000,2.830000,2.850000,2.735845,27700,Test
2022-03-28,2.820000,2.900000,2.800000,2.850000,2.735845,6300,Test
2022-03-29,2.900000,3.040000,2.850000,2.970000,2.851039,11200,Test
2022-03-30,2.960000,3.100000,2.830000,3.080000,2.956633,11300,Test
2022-03-31,3.100000,3.150000,2.890000,3.130000,3.004630,8000,Test
2022-04-01,3.100000,3.300000,3.100000,3.150000,3.023829,11700,Test
2022-04-04,3.200000,3.300000,3.200000,3.220000,3.091025,10500,Test
2022-04-05,3.220000,3.450000,3.170000,3.400000,3.263815,37400,Test
2022-04-06,3.310000,3.410000,3.200000,3.350000,3.215818,9100,Test
2022-04-07,3.280000,3.570000,3.250000,3.320000,3.187020,52800,Test
2022-04-08,3.210000,3.380000,3.210000,3.310000,3.177420,9400,Test
2022-04-11,3.330000,3.790000,3.210000,3.640000,3.494202,62200,Test
2022-04-12,3.700000,3.700000,3.450000,3.580000,3.455592,10100,Test
2022-04-13,3.550000,3.580000,3.340000,3.460000,3.339762,4500,Test
2022-04-14,3.350000,3.490000,3.250000,3.430000,3.310805,12000,Test
2022-04-18,3.370000,3.370000,3.110000,3.170000,3.059840,9300,Test
2022-04-19,3.100000,3.270000,3.060000,3.150000,3.040535,5700,Test
2022-04-20,3.320000,3.320000,3.120000,3.140000,3.030883,1600,Test
2022-04-21,3.180000,3.330000,3.140000,3.150000,3.040535,2700,Test
2022-04-22,3.120000,3.200000,3.120000,3.200000,3.088798,1300,Test
2022-04-25,3.090000,3.300000,3.020000,3.170000,3.059840,1900,Test
2022-04-26,3.150000,3.150000,3.020000,3.150000,3.040535,1900,Test
2022-04-27,3.020000,3.140000,2.990000,3.130000,3.021230,7700,Test
2022-04-28,3.090000,3.140000,3.000000,3.000000,2.895748,11400,Test
2022-04-29,2.970000,3.130000,2.970000,3.050000,2.944010,4200,Test
2022-05-02,2.950000,3.110000,2.950000,2.980000,2.876443,1900,Test
2022-05-03,3.020000,3.020000,2.990000,3.010000,2.905400,1700,Test
2022-05-04,3.090000,3.090000,2.920000,2.970000,2.866790,3400,Test
2022-05-05,3.050000,3.050000,2.930000,3.000000,2.895748,4100,Test
2022-05-06,2.920000,3.050000,2.920000,2.990000,2.886095,3900,Test
2022-05-09,2.920000,2.990000,2.920000,2.920000,2.818528,800,Test
2022-05-10,2.910000,2.910000,2.780000,2.910000,2.808875,3000,Test
2022-05-11,2.910000,3.130000,2.760000,2.870000,2.770265,27700,Test
2022-05-12,2.760000,3.000000,2.650000,2.860000,2.760613,2500,Test
2022-05-13,2.880000,2.940000,2.780000,2.940000,2.837833,2700,Test
2022-05-16,2.850000,2.980000,2.710000,2.710000,2.615826,8100,Test
2022-05-17,2.890000,3.140000,2.810000,2.830000,2.731655,4800,Test
2022-05-18,2.800000,2.800000,2.780000,2.790000,2.693045,2000,Test
2022-05-19,2.600000,3.020000,2.410000,2.790000,2.693045,8000,Test
2022-05-20,2.860000,2.860000,2.700000,2.710000,2.615826,7000,Test
2022-05-23,2.710000,2.710000,2.690000,2.710000,2.615826,3200,Test
2022-05-24,2.930000,2.930000,2.570000,2.650000,2.557911,7900,Test
2022-05-25,2.680000,2.810000,2.680000,2.760000,2.664088,7500,Test
2022-05-26,2.770000,2.860000,2.760000,2.860000,2.760613,1600,Test
2022-05-27,2.900000,2.950000,2.520000,2.760000,2.664088,21700,Test
2022-05-31,2.610000,3.150000,2.530000,3.140000,3.030883,12500,Test
2022-06-01,3.190000,3.220000,2.970000,2.990000,2.886095,10100,Test
2022-06-02,3.010000,3.010000,3.010000,3.010000,2.905400,600,Test
2022-06-03,3.010000,3.010000,2.800000,2.990000,2.886095,1200,Test
2022-06-06,3.010000,3.010000,2.980000,2.990000,2.886095,1700,Test
2022-06-07,3.000000,3.010000,2.930000,2.930000,2.828180,14200,Test
2022-06-08,2.980000,3.100000,2.970000,3.100000,2.992272,2900,Test
2022-06-09,3.010000,3.040000,3.000000,3.040000,2.934357,2100,Test
2022-06-10,3.030000,3.030000,3.030000,3.030000,2.924705,1500,Test
2022-06-13,2.870000,3.060000,2.870000,2.960000,2.857138,3900,Test
2022-06-14,2.680000,3.110000,2.560000,2.850000,2.750960,10800,Test
2022-06-15,2.750000,3.000000,2.750000,2.890000,2.789571,5800,Test
2022-06-16,2.690000,3.030000,2.690000,2.870000,2.770265,10300,Test
2022-06-17,2.720000,3.100000,2.720000,2.910000,2.808875,8000,Test
2022-06-21,2.850000,3.490000,2.800000,3.010000,2.905400,39300,Test
2022-06-22,3.200000,3.200000,2.920000,3.040000,2.934357,2100,Test
2022-06-23,3.090000,3.090000,2.830000,2.940000,2.837833,4400,Test
2022-06-24,2.900000,2.900000,2.560000,2.770000,2.673740,18500,Test
2022-06-27,2.690000,2.890000,2.690000,2.800000,2.702698,8800,Test
2022-06-28,2.850000,2.850000,2.700000,2.700000,2.606173,2000,Test
2022-06-29,2.640000,2.740000,2.600000,2.620000,2.528953,5300,Test
2022-06-30,2.690000,2.710000,2.590000,2.670000,2.577216,4600,Test
2022-07-01,2.600000,2.630000,2.540000,2.540000,2.451733,1300,Test
2022-07-05,2.640000,2.660000,2.500000,2.570000,2.480691,3000,Test
2022-07-06,2.470000,2.750000,2.470000,2.730000,2.635130,25200,Test
2022-07-07,2.700000,3.090000,2.700000,3.030000,2.924705,24300,Test
2022-07-08,2.960000,3.160000,2.890000,3.060000,2.953663,3900,Test
2022-07-11,3.110000,3.200000,2.990000,3.130000,3.021230,15100,Test
2022-07-12,3.100000,3.180000,3.020000,3.110000,3.001925,3600,Test
2022-07-13,2.780000,3.040000,2.750000,3.020000,2.915053,4600,Test
2022-07-14,3.050000,3.050000,2.880000,2.880000,2.779918,2100,Test
2022-07-15,2.980000,3.130000,2.570000,2.670000,2.577216,8200,Test
2022-07-18,2.820000,2.890000,2.680000,2.680000,2.586868,5400,Test
2022-07-19,2.900000,2.910000,2.720000,2.730000,2.635130,2200,Test
2022-07-20,2.780000,2.800000,2.660000,2.760000,2.664088,1800,Test
2022-07-21,2.840000,2.950000,2.840000,2.950000,2.847486,1200,Test
2022-07-22,3.000000,3.000000,2.990000,3.000000,2.895748,600,Test
2022-07-25,3.000000,3.060000,2.910000,3.000000,2.895748,4000,Test
2022-07-26,3.030000,3.080000,2.650000,2.680000,2.586868,14300,Test
2022-07-27,2.690000,2.820000,2.650000,2.730000,2.635130,14400,Test
2022-07-28,2.760000,2.830000,2.600000,2.830000,2.731655,7600,Test
2022-07-29,2.620000,2.940000,2.620000,2.920000,2.818528,5900,Test
2022-08-01,2.980000,2.980000,2.740000,2.910000,2.808875,6900,Test
2022-08-02,2.830000,2.880000,2.790000,2.790000,2.693045,4000,Test
2022-08-03,2.970000,2.990000,2.810000,2.930000,2.828180,3000,Test
2022-08-04,3.090000,3.090000,2.710000,2.990000,2.886095,8800,Test
2022-08-05,2.900000,3.050000,2.820000,2.950000,2.847486,3200,Test
2022-08-08,3.000000,3.000000,2.810000,2.930000,2.828180,2000,Test
2022-08-09,2.880000,3.000000,2.850000,2.870000,2.770265,6500,Test
2022-08-10,3.050000,3.050000,2.880000,2.880000,2.779918,900,Test
2022-08-11,2.930000,3.100000,2.930000,2.960000,2.857138,3300,Test
2022-08-12,3.090000,3.090000,2.910000,3.000000,2.895748,9700,Test
2022-08-15,3.100000,3.110000,3.000000,3.100000,2.992272,16400,Test
2022-08-16,3.120000,3.200000,2.950000,2.980000,2.876443,30100,Test
2022-08-17,2.970000,3.180000,2.970000,3.060000,2.953663,15700,Test
2022-08-18,3.010000,3.170000,3.000000,3.120000,3.011578,6000,Test
2022-08-19,3.160000,3.160000,2.810000,2.860000,2.760613,58300,Test
2022-08-22,2.900000,3.100000,2.850000,3.100000,2.992272,10100,Test
2022-08-23,3.100000,3.100000,3.020000,3.020000,2.915053,1800,Test
2022-08-24,2.970000,3.050000,2.950000,2.980000,2.876443,10400,Test
2022-08-25,2.940000,3.060000,2.940000,3.060000,2.953663,2400,Test
2022-08-26,3.080000,3.090000,2.960000,3.070000,2.963315,9000,Test
2022-08-29,3.000000,3.090000,2.930000,2.930000,2.828180,15400,Test
2022-08-30,3.070000,3.070000,3.070000,3.070000,2.963315,600,Test
2022-08-31,3.030000,3.090000,2.900000,2.990000,2.886095,13700,Test
2022-09-01,3.050000,3.050000,2.860000,2.970000,2.866790,5100,Test
2022-09-02,2.880000,2.990000,2.880000,2.970000,2.866790,2600,Test
2022-09-06,3.030000,3.040000,2.920000,2.980000,2.876443,3500,Test
2022-09-07,2.820000,3.040000,2.820000,2.990000,2.886095,3900,Test
2022-09-08,2.810000,3.030000,2.810000,2.930000,2.828180,2200,Test
2022-09-09,2.860000,3.050000,2.860000,3.030000,2.924705,2800,Test
2022-09-12,3.010000,3.060000,2.950000,2.950000,2.847486,11100,Test
2022-09-13,3.070000,3.090000,2.990000,3.070000,2.963315,3700,Test
2022-09-14,3.070000,3.100000,2.920000,2.920000,2.818528,4500,Test
2022-09-15,2.950000,3.040000,2.920000,3.020000,2.915053,8000,Test
2022-09-16,3.040000,3.080000,2.990000,2.990000,2.886095,3700,Test
2022-09-19,3.040000,3.070000,3.040000,3.040000,2.934357,1400,Test
2022-09-20,3.120000,3.150000,2.880000,3.090000,2.982620,15200,Test
2022-09-21,3.060000,3.100000,2.940000,3.090000,2.982620,2200,Test
2022-09-22,2.990000,3.140000,2.990000,3.110000,3.001925,1200,Test
2022-09-23,3.090000,3.090000,2.910000,2.950000,2.847486,4600,Test
2022-09-26,2.850000,3.110000,2.850000,3.040000,2.934357,2600,Test
2022-09-27,2.850000,3.040000,2.850000,2.950000,2.847486,4100,Test
2022-09-28,2.870000,3.010000,2.870000,2.880000,2.779918,1500,Test
2022-09-29,2.930000,2.980000,2.850000,2.980000,2.876443,2400,Test
2022-09-30,2.980000,2.980000,2.860000,2.860000,2.760613,1900,Test
2022-10-03,2.810000,2.810000,2.800000,2.800000,2.702698,1100,Test
2022-10-04,2.890000,2.890000,2.800000,2.800000,2.702698,1100,Test
2022-10-05,2.830000,2.830000,2.800000,2.800000,2.702698,1000,Test
2022-10-06,2.800000,2.830000,2.800000,2.830000,2.731655,600,Test
2022-10-07,2.800000,2.810000,2.750000,2.750000,2.654435,5600,Test
2022-10-10,2.780000,2.780000,2.780000,2.780000,2.683393,700,Test
2022-10-11,2.760000,2.760000,2.750000,2.760000,2.664088,1300,Test
2022-10-12,2.750000,2.800000,2.750000,2.750000,2.654435,3300,Test
2022-10-13,2.810000,2.810000,2.770000,2.790000,2.693045,500,Test
2022-10-14,2.920000,2.920000,2.760000,2.770000,2.673740,800,Test
2022-10-17,2.850000,2.850000,2.700000,2.700000,2.606173,2700,Test
2022-10-18,2.770000,2.860000,2.750000,2.750000,2.654435,1500,Test
2022-10-19,2.850000,2.850000,2.700000,2.700000,2.606173,3400,Test
2022-10-20,2.700000,2.760000,2.700000,2.760000,2.664088,1200,Test
2022-10-21,2.760000,2.760000,2.760000,2.760000,2.664088,300,Test
2022-10-24,2.720000,2.850000,2.720000,2.850000,2.750960,9700,Test
2022-10-25,2.850000,2.860000,2.850000,2.860000,2.760613,2400,Test
2022-10-26,2.920000,3.000000,2.760000,3.000000,2.895748,4100,Test
2022-10-27,3.070000,3.090000,2.970000,3.050000,2.944010,8500,Test
2022-10-28,3.060000,3.060000,2.950000,2.990000,2.886095,2400,Test
2022-10-31,2.910000,3.010000,2.860000,2.870000,2.770265,1400,Test
2022-11-01,2.820000,3.020000,2.820000,2.840000,2.741308,2100,Test
2022-11-02,3.020000,3.030000,2.810000,3.000000,2.895748,2000,Test
2022-11-03,3.020000,3.040000,2.840000,2.890000,2.789571,1100,Test
2022-11-04,3.020000,3.030000,3.010000,3.030000,2.924705,900,Test
2022-11-07,3.080000,3.130000,2.890000,2.900000,2.799223,3700,Test
2022-11-08,3.130000,3.130000,2.880000,2.880000,2.779918,800,Test
2022-11-09,3.030000,3.030000,2.860000,2.930000,2.828180,4100,Test
2022-11-10,2.860000,3.030000,2.860000,3.020000,2.915053,1800,Test
2022-11-11,2.920000,3.060000,2.920000,3.060000,2.953663,3000,Test
2022-11-14,3.120000,3.120000,2.880000,3.040000,2.934357,2600,Test
2022-11-15,3.050000,3.140000,2.960000,2.960000,2.857138,5800,Test
2022-11-16,3.080000,3.100000,3.080000,3.080000,2.972968,600,Test
2022-11-17,2.990000,3.040000,2.990000,3.040000,2.934357,400,Test
2022-11-18,3.070000,3.070000,3.010000,3.020000,2.915053,2300,Test
2022-11-21,2.890000,2.920000,2.860000,2.860000,2.760613,9300,Test
2022-11-22,2.880000,2.920000,2.850000,2.850000,2.750960,2700,Test
2022-11-23,2.980000,2.980000,2.980000,2.980000,2.876443,400,Test
2022-11-25,2.870000,2.910000,2.840000,2.910000,2.808875,1000,Test
2022-11-28,2.890000,2.890000,2.770000,2.820000,2.722003,1700,Test
2022-11-29,2.880000,2.880000,2.830000,2.830000,2.731655,1200,Test
2022-11-30,2.800000,2.880000,2.800000,2.880000,2.779918,500,Test
2022-12-01,2.870000,2.950000,2.870000,2.950000,2.847486,1300,Test
2022-12-02,2.890000,2.890000,2.890000,2.890000,2.789571,500,Test
2022-12-05,2.870000,2.870000,2.750000,2.750000,2.654435,9100,Test
2022-12-06,2.700000,2.700000,2.660000,2.660000,2.567563,2700,Test
2022-12-07,2.730000,2.730000,2.700000,2.700000,2.606173,700,Test
2022-12-08,2.620000,2.690000,2.520000,2.590000,2.499995,13800,Test
2022-12-09,2.570000,2.580000,2.530000,2.570000,2.480691,3600,Test
2022-12-12,2.500000,2.660000,2.500000,2.660000,2.567563,7200,Test
2022-12-13,2.500000,2.670000,2.500000,2.670000,2.577216,8400,Test
2022-12-14,2.510000,2.510000,2.410000,2.410000,2.326251,3400,Test
2022-12-15,2.420000,2.460000,2.410000,2.410000,2.326251,5400,Test
2022-12-16,2.460000,2.610000,2.440000,2.590000,2.499995,9700,Test
2022-12-19,2.480000,2.480000,2.480000,2.480000,2.393818,6800,Test
2022-12-20,2.460000,2.460000,2.450000,2.450000,2.364861,3600,Test
2022-12-21,2.440000,2.440000,2.410000,2.420000,2.335903,3700,Test
2022-12-22,2.420000,2.500000,2.410000,2.500000,2.413123,8400,Test
2022-12-23,2.410000,2.420000,2.410000,2.420000,2.335903,1900,Test
2022-12-27,2.350000,2.420000,2.350000,2.400000,2.316598,5900,Test
2022-12-28,2.370000,2.370000,2.330000,2.330000,2.249031,1400,Test
2022-12-29,2.340000,2.350000,2.180000,2.180000,2.104243,9100,Test
2022-12-30,2.370000,2.420000,2.320000,2.340000,2.258683,5500,Test
